source_type,source_file,source_sheet,source_lot,external_county,external_subcounty,external_settlement,external_contract,effective_contract,external_financier,external_cluster,matched_settlement_id,matched_settlement_name,matched_settlement_code,settlement_match_method,settlement_match_score,matched_county_id,matched_subcounty_id,matched_project_id,matched_project_title,matched_project_code,project_match_method,project_match_score,project_location_id,comp11_titles_expected,comp11_population,comp11_lot,comp11_cluster,roads_km_planned,roads_km_achieved,drainage_km_planned,drainage_km_achieved,water_pipeline_km_planned,water_pipeline_km_achieved,water_connections_planned,water_connections_achieved,ablution_blocks_planned,ablution_blocks_achieved,highmast_lights_planned,highmast_lights_achieved,streetlights_planned,streetlights_achieved,vending_platforms_planned,vending_platforms_achieved,sewer_connections_planned,sewer_connections_achieved,water_kiosks_planned,water_kiosks_achieved,footpaths_km_planned,footpaths_km_achieved,roads_km_indicator_name,roads_km_category_title,roads_km_activity_code,drainage_km_indicator_name,drainage_km_category_title,drainage_km_activity_code,water_pipeline_km_indicator_name,water_pipeline_km_category_title,water_pipeline_km_activity_code,water_connections_indicator_name,water_connections_category_title,water_connections_activity_code,ablution_blocks_indicator_name,ablution_blocks_category_title,ablution_blocks_activity_code,highmast_lights_indicator_name,highmast_lights_category_title,highmast_lights_activity_code,streetlights_indicator_name,streetlights_category_title,streetlights_activity_code,vending_platforms_indicator_name,vending_platforms_category_title,vending_platforms_activity_code,sewer_connections_indicator_name,sewer_connections_category_title,sewer_connections_activity_code,water_kiosks_indicator_name,water_kiosks_category_title,water_kiosks_activity_code,footpaths_km_indicator_name,footpaths_km_category_title,footpaths_km_activity_code,keep,match_notes
pdo,PDO Tracking Matrix  29-05-2026 NPCT.xlsx,KISUMU KAKAMEGA,,Kisumu,,Bandani,Kisumu Lot 1 Phase 1 RFB,Kisumu Lot 1 Phase 1 RFB,IDA,KISUMU KAKAMEGA,173,Bandani,sett164,exact,100,42,,42,Infrastructure upgrading  In Kisumu Lot 1,KE-KISUMU COUNTY-362227-CW-RFB - 2,county_lot_infra,110,,,,,,2.584,0.93,5.368,5.368,0,0,0,0,0,0,0,0,0,0,0,0,0,0,0,0,5.168,0,Access roads,Constructed,AC15,Storm water drainage,Constructed,AC23,Water reticulation pipes,Constructed,AC42,Household water connections,Installed,AC14,Ablution blocks,Constructed,,Floodlights,Installed,AC20,Street lights and power connections,Constructed,AC21,Markets and commercial facilities,Constructed,,Sewer lines,Installed,AC25,Water kiosks,Installed,,Footpaths,Constructed,AC17,Y,no project_location link
pdo,PDO Tracking Matrix  29-05-2026 NPCT.xlsx,KISUMU KAKAMEGA,,Kisumu,,Nyawita,Kisumu Lot 1 Phase 1 RFB,Kisumu Lot 1 Phase 1 RFB,IDA,KISUMU KAKAMEGA,176,Nyawita,sett170,exact,100,42,,42,Infrastructure upgrading  In Kisumu Lot 1,KE-KISUMU COUNTY-362227-CW-RFB - 2,county_lot_infra,110,,,,,,0.869,0.8,0.869,0.75,0,0,0,0,0,0,0,0,0,0,0,0,0,0,0,0,0.869,0,Access roads,Constructed,AC15,Storm water drainage,Constructed,AC23,Water reticulation pipes,Constructed,AC42,Household water connections,Installed,AC14,Ablution blocks,Constructed,,Floodlights,Installed,AC20,Street lights and power connections,Constructed,AC21,Markets and commercial facilities,Constructed,,Sewer lines,Installed,AC25,Water kiosks,Installed,,Footpaths,Constructed,AC17,Y,no project_location link
pdo,PDO Tracking Matrix  29-05-2026 NPCT.xlsx,KISUMU KAKAMEGA,,Kisumu,,Migosi,Kisumu Lot 1 Phase 1 RFB,Kisumu Lot 1 Phase 1 RFB,IDA,KISUMU KAKAMEGA,178,Migosi,sett169,exact,100,42,,42,Infrastructure upgrading  In Kisumu Lot 1,KE-KISUMU COUNTY-362227-CW-RFB - 2,county_lot_infra,110,,,,,,0,0,4.043,1.875,0,0,0,0,0,0,3,0,0,0,0,0,40,0,0,0,0,0,Access roads,Constructed,AC15,Storm water drainage,Constructed,AC23,Water reticulation pipes,Constructed,AC42,Household water connections,Installed,AC14,Ablution blocks,Constructed,,Floodlights,Installed,AC20,Street lights and power connections,Constructed,AC21,Markets and commercial facilities,Constructed,,Sewer lines,Installed,AC25,Water kiosks,Installed,,Footpaths,Constructed,AC17,Y,no project_location link
pdo,PDO Tracking Matrix  29-05-2026 NPCT.xlsx,KISUMU KAKAMEGA,,Kisumu,,Manyatta A,Kisumu Lot 1 Phase 1 RFB,Kisumu Lot 1 Phase 1 RFB,IDA,KISUMU KAKAMEGA,174,Manyatta (Kona Mbaya),sett167,exact,100,42,,42,Infrastructure upgrading  In Kisumu Lot 1,KE-KISUMU COUNTY-362227-CW-RFB - 2,county_lot_infra,110,,,,,,2.498,2.498,4.553,2.95,0,0,0,0,0,0,6,0,0,0,0,0,0,0,0,0,4.553,0,Access roads,Constructed,AC15,Storm water drainage,Constructed,AC23,Water reticulation pipes,Constructed,AC42,Household water connections,Installed,AC14,Ablution blocks,Constructed,,Floodlights,Installed,AC20,Street lights and power connections,Constructed,AC21,Markets and commercial facilities,Constructed,,Sewer lines,Installed,AC25,Water kiosks,Installed,,Footpaths,Constructed,AC17,Y,no project_location link
pdo,PDO Tracking Matrix  29-05-2026 NPCT.xlsx,KISUMU KAKAMEGA,,Kisumu,,Manyatta B,Kisumu Lot 1 Phase 1 RFB,Kisumu Lot 1 Phase 1 RFB,IDA,KISUMU KAKAMEGA,175,Manyatta B,sett168,exact,100,42,,42,Infrastructure upgrading  In Kisumu Lot 1,KE-KISUMU COUNTY-362227-CW-RFB - 2,county_lot_infra,110,,,,,,4.091,4.091,7.065,4.105,1.44,0,46,0,0,0,0,0,0,0,0,0,200,0,2,0,7.065,0.975,Access roads,Constructed,AC15,Storm water drainage,Constructed,AC23,Water reticulation pipes,Constructed,AC42,Household water connections,Installed,AC14,Ablution blocks,Constructed,,Floodlights,Installed,AC20,Street lights and power connections,Constructed,AC21,Markets and commercial facilities,Constructed,,Sewer lines,Installed,AC25,Water kiosks,Installed,,Footpaths,Constructed,AC17,Y,no project_location link
pdo,PDO Tracking Matrix  29-05-2026 NPCT.xlsx,KISUMU KAKAMEGA,,Kisumu,,Kibuye,Kisumu Lot 2 Phase 1 RFB,Kisumu Lot 2 Phase 1 RFB,AFD,KISUMU KAKAMEGA,172,Kibuye,sett166,exact,100,42,,43,Infrastructure upgrading  In Kisumu Lot 2,KE-NAIROBI COUNTY-377334-CW-RFB - 1,county_lot_infra,110,,,,,,0.681,0.681,1.3599999999999999,1.36,0.89,0,3,0,1,0,0,0,0,0,0,0,0,0,1,0,1.362,1.362,Access roads,Constructed,AC15,Storm water drainage,Constructed,AC23,Water reticulation pipes,Constructed,AC42,Household water connections,Installed,AC14,Ablution blocks,Constructed,,Floodlights,Installed,AC20,Street lights and power connections,Constructed,AC21,Markets and commercial facilities,Constructed,,Sewer lines,Installed,AC25,Water kiosks,Installed,,Footpaths,Constructed,AC17,Y,no project_location link
pdo,PDO Tracking Matrix  29-05-2026 NPCT.xlsx,KISUMU KAKAMEGA,,Kisumu,,Shauri Moyo,Kisumu Lot 2 Phase 1 RFB,Kisumu Lot 2 Phase 1 RFB,AFD,KISUMU KAKAMEGA,65,Shauri Moyo,settment_77,exact,100,42,,43,Infrastructure upgrading  In Kisumu Lot 2,KE-NAIROBI COUNTY-377334-CW-RFB - 1,county_lot_infra,110,,,,,,0,0,0,0,1.71,1.07,55,4,0,0,1,0,0,0,0,0,0,0,2,0,0,0,Access roads,Constructed,AC15,Storm water drainage,Constructed,AC23,Water reticulation pipes,Constructed,AC42,Household water connections,Installed,AC14,Ablution blocks,Constructed,,Floodlights,Installed,AC20,Street lights and power connections,Constructed,AC21,Markets and commercial facilities,Constructed,,Sewer lines,Installed,AC25,Water kiosks,Installed,,Footpaths,Constructed,AC17,Y,no project_location link
pdo,PDO Tracking Matrix  29-05-2026 NPCT.xlsx,KISUMU KAKAMEGA,,Kisumu,,Shauri Yako,Kisumu Lot 2 Phase 1 RFB,Kisumu Lot 2 Phase 1 RFB,AFD,KISUMU KAKAMEGA,64,Shauri Yako(Kisumu),settment_75,fuzzy,108,42,,43,Infrastructure upgrading  In Kisumu Lot 2,KE-NAIROBI COUNTY-377334-CW-RFB - 1,county_lot_infra,110,,,,,,1.069,0,2.35,0,0,0,0,0,0,0,0,0,0,0,0,0,0,0,0,0,2.138,,Access roads,Constructed,AC15,Storm water drainage,Constructed,AC23,Water reticulation pipes,Constructed,AC42,Household water connections,Installed,AC14,Ablution blocks,Constructed,,Floodlights,Installed,AC20,Street lights and power connections,Constructed,AC21,Markets and commercial facilities,Constructed,,Sewer lines,Installed,AC25,Water kiosks,Installed,,Footpaths,Constructed,AC17,Y,no project_location link
pdo,PDO Tracking Matrix  29-05-2026 NPCT.xlsx,KISUMU KAKAMEGA,,Kisumu,,Swahili/ Sangoro,Kisumu Lot 2 Phase 1 RFB,Kisumu Lot 2 Phase 1 RFB,AFD,KISUMU KAKAMEGA,177,Sang'oro,sett173,exact,100,42,,43,Infrastructure upgrading  In Kisumu Lot 2,KE-NAIROBI COUNTY-377334-CW-RFB - 1,county_lot_infra,110,,,,,,0,0,0,0,0.8,0.5,107,7,0,0,0,0,0,0,0,0,0,0,1,0,0,0,Access roads,Constructed,AC15,Storm water drainage,Constructed,AC23,Water reticulation pipes,Constructed,AC42,Household water connections,Installed,AC14,Ablution blocks,Constructed,,Floodlights,Installed,AC20,Street lights and power connections,Constructed,AC21,Markets and commercial facilities,Constructed,,Sewer lines,Installed,AC25,Water kiosks,Installed,,Footpaths,Constructed,AC17,Y,no project_location link
pdo,PDO Tracking Matrix  29-05-2026 NPCT.xlsx,KISUMU KAKAMEGA,,Kisumu,,Bondeni,Kisumu Lot 2 Phase 1 RFB,Kisumu Lot 2 Phase 1 RFB,AFD,KISUMU KAKAMEGA,61,Bondeni (Kisumu),settment_73,fuzzy,108,42,,43,Infrastructure upgrading  In Kisumu Lot 2,KE-NAIROBI COUNTY-377334-CW-RFB - 1,county_lot_infra,110,,,,,,0,0,1.449,0.748,0,0,0,0,0,0,1,0,0,0,0,0,0,0,0,0,0,0,Access roads,Constructed,AC15,Storm water drainage,Constructed,AC23,Water reticulation pipes,Constructed,AC42,Household water connections,Installed,AC14,Ablution blocks,Constructed,,Floodlights,Installed,AC20,Street lights and power connections,Constructed,AC21,Markets and commercial facilities,Constructed,,Sewer lines,Installed,AC25,Water kiosks,Installed,,Footpaths,Constructed,AC17,Y,no project_location link
pdo,PDO Tracking Matrix  29-05-2026 NPCT.xlsx,KISUMU KAKAMEGA,,Kisumu,,Bandani,Phase 1 RFQ,Kisumu Lot 1 Phase 1 RFB,IDA,KISUMU KAKAMEGA,173,Bandani,sett164,exact,100,42,,42,Infrastructure upgrading  In Kisumu Lot 1,KE-KISUMU COUNTY-362227-CW-RFB - 2,county_lot_infra,110,,,,,,0,0,0,0,0,0,0,0,0,0,0,0,0,0,37,37,0,0,0,0,0,0,Access roads,Constructed,AC15,Storm water drainage,Constructed,AC23,Water reticulation pipes,Constructed,AC42,Household water connections,Installed,AC14,Ablution blocks,Constructed,,Floodlights,Installed,AC20,Street lights and power connections,Constructed,AC21,Markets and commercial facilities,Constructed,,Sewer lines,Installed,AC25,Water kiosks,Installed,,Footpaths,Constructed,AC17,Y,contract resolved: Kisumu Lot 1 Phase 1 RFB; no project_location link
pdo,PDO Tracking Matrix  29-05-2026 NPCT.xlsx,KISUMU KAKAMEGA,,Kisumu,,Manyatta A,Phase 1 RFQ,Kisumu Lot 1 Phase 1 RFB,IDA,KISUMU KAKAMEGA,174,Manyatta (Kona Mbaya),sett167,exact,100,42,,42,Infrastructure upgrading  In Kisumu Lot 1,KE-KISUMU COUNTY-362227-CW-RFB - 2,county_lot_infra,110,,,,,,0,0,0,0,0,0,0,0,0,0,0,0,0,0,37,37,0,0,0,0,0,0,Access roads,Constructed,AC15,Storm water drainage,Constructed,AC23,Water reticulation pipes,Constructed,AC42,Household water connections,Installed,AC14,Ablution blocks,Constructed,,Floodlights,Installed,AC20,Street lights and power connections,Constructed,AC21,Markets and commercial facilities,Constructed,,Sewer lines,Installed,AC25,Water kiosks,Installed,,Footpaths,Constructed,AC17,Y,contract resolved: Kisumu Lot 1 Phase 1 RFB; no project_location link
pdo,PDO Tracking Matrix  29-05-2026 NPCT.xlsx,KISUMU KAKAMEGA,,Kisumu,,Manyatta B,Phase 1 RFQ,Kisumu Lot 1 Phase 1 RFB,IDA,KISUMU KAKAMEGA,175,Manyatta B,sett168,exact,100,42,,42,Infrastructure upgrading  In Kisumu Lot 1,KE-KISUMU COUNTY-362227-CW-RFB - 2,county_lot_infra,110,,,,,,0,0,0,0,0,0,0,0,0,0,0,0,0,0,37,37,0,0,0,0,0,0,Access roads,Constructed,AC15,Storm water drainage,Constructed,AC23,Water reticulation pipes,Constructed,AC42,Household water connections,Installed,AC14,Ablution blocks,Constructed,,Floodlights,Installed,AC20,Street lights and power connections,Constructed,AC21,Markets and commercial facilities,Constructed,,Sewer lines,Installed,AC25,Water kiosks,Installed,,Footpaths,Constructed,AC17,Y,contract resolved: Kisumu Lot 1 Phase 1 RFB; no project_location link
pdo,PDO Tracking Matrix  29-05-2026 NPCT.xlsx,KISUMU KAKAMEGA,,Kakamega,,Shibale,Kakamega Lot 1 Phase 1 RFB,Kakamega Lot 1 Phase 1 RFB,IDA,KISUMU KAKAMEGA,135,Shibale,sett126,exact,100,37,,35,Infrastructure upgrading  In Kakamega Lot 1,KE-NAKURU COUNTY-371238-CW-RFB-1,county_lot_infra,110,,,,,,0.523,0,2.846,0.193,0,0,70,0,0,0,1,0,0,0,0,0,0,0,5,0,0.823,0,Access roads,Constructed,AC15,Storm water drainage,Constructed,AC23,Water reticulation pipes,Constructed,AC42,Household water connections,Installed,AC14,Ablution blocks,Constructed,,Floodlights,Installed,AC20,Street lights and power connections,Constructed,AC21,Markets and commercial facilities,Constructed,,Sewer lines,Installed,AC25,Water kiosks,Installed,,Footpaths,Constructed,AC17,Y,no project_location link
pdo,PDO Tracking Matrix  29-05-2026 NPCT.xlsx,KISUMU KAKAMEGA,,Kakamega,,Mjini,Kakamega Lot 1 Phase 1 RFB,Kakamega Lot 1 Phase 1 RFB,IDA,KISUMU KAKAMEGA,134,Mjini (Mumias),sett125,fuzzy,108,37,,35,Infrastructure upgrading  In Kakamega Lot 1,KE-NAKURU COUNTY-371238-CW-RFB-1,county_lot_infra,110,,,,,,0.472,0,0.944,0,2.376,1.785,85,0,0,0,0,0,26,0,0,0,0,0,0,0,0.944,0,Access roads,Constructed,AC15,Storm water drainage,Constructed,AC23,Water reticulation pipes,Constructed,AC42,Household water connections,Installed,AC14,Ablution blocks,Constructed,,Floodlights,Installed,AC20,Street lights and power connections,Constructed,AC21,Markets and commercial facilities,Constructed,,Sewer lines,Installed,AC25,Water kiosks,Installed,,Footpaths,Constructed,AC17,Y,no project_location link
pdo,PDO Tracking Matrix  29-05-2026 NPCT.xlsx,KISUMU KAKAMEGA,,Kakamega,,Lukoye,Kakamega Lot 1 Phase 1 RFB,Kakamega Lot 1 Phase 1 RFB,IDA,KISUMU KAKAMEGA,133,Lukoye,sett124,exact,100,37,,35,Infrastructure upgrading  In Kakamega Lot 1,KE-NAKURU COUNTY-371238-CW-RFB-1,county_lot_infra,110,,,,,,0.88,0,2.21,0,0,0,0,0,0,0,0,0,0,0,0,0,0,0,0,0,0,0,Access roads,Constructed,AC15,Storm water drainage,Constructed,AC23,Water reticulation pipes,Constructed,AC42,Household water connections,Installed,AC14,Ablution blocks,Constructed,,Floodlights,Installed,AC20,Street lights and power connections,Constructed,AC21,Markets and commercial facilities,Constructed,,Sewer lines,Installed,AC25,Water kiosks,Installed,,Footpaths,Constructed,AC17,Y,no project_location link
pdo,PDO Tracking Matrix  29-05-2026 NPCT.xlsx,KISUMU KAKAMEGA,,Kakamega,,Amalemba,Kakamega Lot 2 Phase 1 RFB,Kakamega Lot 2 Phase 1 RFB,AFD,KISUMU KAKAMEGA,70,Amalemba,settment_81,exact,100,37,,36,Infrastructure upgrading  In Kakamega Lot 2,KE-KAKAMEGA COUNTY-371489-CW-RFB - 2,county_lot_infra,110,,,,,,0.848,0.777,1.696,1.4,0,0,0,0,0,0,1,1,25,23,0,0,80,0,0,0,1.696,0.85,Access roads,Constructed,AC15,Storm water drainage,Constructed,AC23,Water reticulation pipes,Constructed,AC42,Household water connections,Installed,AC14,Ablution blocks,Constructed,,Floodlights,Installed,AC20,Street lights and power connections,Constructed,AC21,Markets and commercial facilities,Constructed,,Sewer lines,Installed,AC25,Water kiosks,Installed,,Footpaths,Constructed,AC17,Y,no project_location link
pdo,PDO Tracking Matrix  29-05-2026 NPCT.xlsx,KISUMU KAKAMEGA,,Kakamega,,Kambi Somali,Kakamega Lot 2 Phase 1 RFB,Kakamega Lot 2 Phase 1 RFB,AFD,KISUMU KAKAMEGA,68,Kambi Somali(Kakamega),settment_79,fuzzy,108,37,,36,Infrastructure upgrading  In Kakamega Lot 2,KE-KAKAMEGA COUNTY-371489-CW-RFB - 2,county_lot_infra,110,,,,,,0.19,0,0.38,0.265,0,0,0,0,0,0,0,0,0,0,0,0,20,0,0,0,0,0,Access roads,Constructed,AC15,Storm water drainage,Constructed,AC23,Water reticulation pipes,Constructed,AC42,Household water connections,Installed,AC14,Ablution blocks,Constructed,,Floodlights,Installed,AC20,Street lights and power connections,Constructed,AC21,Markets and commercial facilities,Constructed,,Sewer lines,Installed,AC25,Water kiosks,Installed,,Footpaths,Constructed,AC17,Y,no project_location link
pdo,PDO Tracking Matrix  29-05-2026 NPCT.xlsx,KISUMU KAKAMEGA,,Kakamega,,Mjini,Phase 1 RFQ,Kakamega Lot 1 Phase 1 RFB,IDA,KISUMU KAKAMEGA,134,Mjini (Mumias),sett125,fuzzy,108,37,,35,Infrastructure upgrading  In Kakamega Lot 1,KE-NAKURU COUNTY-371238-CW-RFB-1,county_lot_infra,110,,,,,,0,0,0,0,0,0,0,0,0,0,1,0,,0,0,0,0,0,0,0,0,0,Access roads,Constructed,AC15,Storm water drainage,Constructed,AC23,Water reticulation pipes,Constructed,AC42,Household water connections,Installed,AC14,Ablution blocks,Constructed,,Floodlights,Installed,AC20,Street lights and power connections,Constructed,AC21,Markets and commercial facilities,Constructed,,Sewer lines,Installed,AC25,Water kiosks,Installed,,Footpaths,Constructed,AC17,Y,contract resolved: Kakamega Lot 1 Phase 1 RFB; no project_location link
pdo,PDO Tracking Matrix  29-05-2026 NPCT.xlsx,KISUMU KAKAMEGA,,Kakamega,,Lukoye,Phase 1 RFQ,Kakamega Lot 1 Phase 1 RFB,IDA,KISUMU KAKAMEGA,133,Lukoye,sett124,exact,100,37,,35,Infrastructure upgrading  In Kakamega Lot 1,KE-NAKURU COUNTY-371238-CW-RFB-1,county_lot_infra,110,,,,,,0,0,0,0,0,0,0,0,0,0,1,0,25,0,0,0,0,0,0,0,0,0,Access roads,Constructed,AC15,Storm water drainage,Constructed,AC23,Water reticulation pipes,Constructed,AC42,Household water connections,Installed,AC14,Ablution blocks,Constructed,,Floodlights,Installed,AC20,Street lights and power connections,Constructed,AC21,Markets and commercial facilities,Constructed,,Sewer lines,Installed,AC25,Water kiosks,Installed,,Footpaths,Constructed,AC17,Y,contract resolved: Kakamega Lot 1 Phase 1 RFB; no project_location link
pdo,PDO Tracking Matrix  29-05-2026 NPCT.xlsx,KISUMU KAKAMEGA,,Kakamega,,Amalemba,Phase 1 RFQ,Kakamega Lot 2 Phase 1 RFB,IDA,KISUMU KAKAMEGA,70,Amalemba,settment_81,exact,100,37,,36,Infrastructure upgrading  In Kakamega Lot 2,KE-KAKAMEGA COUNTY-371489-CW-RFB - 2,county_lot_infra,110,,,,,,0,0,0,0,0,0,0,0,0,0,0,0,7,0,0,0,0,0,0,0,0,0,Access roads,Constructed,AC15,Storm water drainage,Constructed,AC23,Water reticulation pipes,Constructed,AC42,Household water connections,Installed,AC14,Ablution blocks,Constructed,,Floodlights,Installed,AC20,Street lights and power connections,Constructed,AC21,Markets and commercial facilities,Constructed,,Sewer lines,Installed,AC25,Water kiosks,Installed,,Footpaths,Constructed,AC17,Y,contract resolved: Kakamega Lot 2 Phase 1 RFB; no project_location link
pdo,PDO Tracking Matrix  29-05-2026 NPCT.xlsx,KISUMU KAKAMEGA,,Kakamega,,Kambi Somali,Phase 1 RFQ,Kakamega Lot 2 Phase 1 RFB,IDA,KISUMU KAKAMEGA,68,Kambi Somali(Kakamega),settment_79,fuzzy,108,37,,36,Infrastructure upgrading  In Kakamega Lot 2,KE-KAKAMEGA COUNTY-371489-CW-RFB - 2,county_lot_infra,110,,,,,,0,0,0,0,0,0,0,0,0,0,0,0,1,0,0,0,0,0,0,0,0,0,Access roads,Constructed,AC15,Storm water drainage,Constructed,AC23,Water reticulation pipes,Constructed,AC42,Household water connections,Installed,AC14,Ablution blocks,Constructed,,Floodlights,Installed,AC20,Street lights and power connections,Constructed,AC21,Markets and commercial facilities,Constructed,,Sewer lines,Installed,AC25,Water kiosks,Installed,,Footpaths,Constructed,AC17,Y,contract resolved: Kakamega Lot 2 Phase 1 RFB; no project_location link
pdo,PDO Tracking Matrix  29-05-2026 NPCT.xlsx,PHASE 1 NAKURUNAIROBI+CLUSTER 1,,Nakuru,,Kwa Murogi,RFB Phase 1 Lot 1,RFB Phase 1 Lot 1,IDA,PHASE 1 NAKURUNAIROBI+CLUSTER 1,217,Kwa Murogi,sett226,exact,100,32,,18,Consultancy services for Planning and Surveying of Selected Informal Settlements in Nakuru County - Lot 4 Cluster 3,MLHUD/KISIP/CS/002/2015-2016,lot_cluster_fuzzy,37,,,,,,1.045,1.045,1.045,1.045,0,0,0,0,0,0,4,0,0,0,0,0,1.045,1.045,0,0,0,0,Access roads,Constructed,AC15,Storm water drainage,Constructed,AC23,Water reticulation pipes,Constructed,AC42,Household water connections,Installed,AC14,Ablution blocks,Constructed,,Floodlights,Installed,AC20,Street lights and power connections,Constructed,AC21,Markets and commercial facilities,Constructed,,Sewer lines,Installed,AC25,Water kiosks,Installed,,Footpaths,Constructed,AC17,Y,no project_location link
pdo,PDO Tracking Matrix  29-05-2026 NPCT.xlsx,PHASE 1 NAKURUNAIROBI+CLUSTER 1,,Nakuru,,London Hilton,RFB Phase 1 Lot 1,RFB Phase 1 Lot 1,IDA,PHASE 1 NAKURUNAIROBI+CLUSTER 1,214,Karagita,sett225,exact,100,32,,169,Digital Public Works,MLHUD/KISIP/CS/TBD,settlement_project_location,130,859,,,,,1.292,1.292,1.292,1.292,0,0,0,0,0,0,4,0,0,0,0,0,1.292,1.292,0.28,0.28,114,0,Access roads,Constructed,AC15,Storm water drainage,Constructed,AC23,Water reticulation pipes,Constructed,AC42,Household water connections,Installed,AC14,Ablution blocks,Constructed,,Floodlights,Installed,AC20,Street lights and power connections,Constructed,AC21,Markets and commercial facilities,Constructed,,Sewer lines,Installed,AC25,Water kiosks,Installed,,Footpaths,Constructed,AC17,Y,
pdo,PDO Tracking Matrix  29-05-2026 NPCT.xlsx,PHASE 1 NAKURUNAIROBI+CLUSTER 1,,Nakuru,,Lakeview,RFB Phase 1 Lot 1,RFB Phase 1 Lot 1,IDA,PHASE 1 NAKURUNAIROBI+CLUSTER 1,216,Lake view,sett227,fuzzy,102,32,,18,Consultancy services for Planning and Surveying of Selected Informal Settlements in Nakuru County - Lot 4 Cluster 3,MLHUD/KISIP/CS/002/2015-2016,lot_cluster_fuzzy,37,,,,,,0.95,0.95,0.95,0.95,0,0,0,0,0,0,3,0,0,0,0,0,0.95,0.95,0,0,0,0,Access roads,Constructed,AC15,Storm water drainage,Constructed,AC23,Water reticulation pipes,Constructed,AC42,Household water connections,Installed,AC14,Ablution blocks,Constructed,,Floodlights,Installed,AC20,Street lights and power connections,Constructed,AC21,Markets and commercial facilities,Constructed,,Sewer lines,Installed,AC25,Water kiosks,Installed,,Footpaths,Constructed,AC17,Y,no project_location link
pdo,PDO Tracking Matrix  29-05-2026 NPCT.xlsx,PHASE 1 NAKURUNAIROBI+CLUSTER 1,,Nakuru,,Karagita,RFB Phase 1 Lot 2,RFB Phase 1 Lot 2,IDA,PHASE 1 NAKURUNAIROBI+CLUSTER 1,214,Karagita,sett225,exact,100,32,,169,Digital Public Works,MLHUD/KISIP/CS/TBD,settlement_project_location,130,859,,,,,0,0,0,0,7.8,7.8,0,0,0,0,0,0,0,0,0,0,0,0,0,0,0,0,Access roads,Constructed,AC15,Storm water drainage,Constructed,AC23,Water reticulation pipes,Constructed,AC42,Household water connections,Installed,AC14,Ablution blocks,Constructed,,Floodlights,Installed,AC20,Street lights and power connections,Constructed,AC21,Markets and commercial facilities,Constructed,,Sewer lines,Installed,AC25,Water kiosks,Installed,,Footpaths,Constructed,AC17,Y,
pdo,PDO Tracking Matrix  29-05-2026 NPCT.xlsx,PHASE 1 NAKURUNAIROBI+CLUSTER 1,,Nakuru,,Kwa Murogi,RFQ,RFB Phase 1 Lot 1,IDA,PHASE 1 NAKURUNAIROBI+CLUSTER 1,217,Kwa Murogi,sett226,exact,100,32,,18,Consultancy services for Planning and Surveying of Selected Informal Settlements in Nakuru County - Lot 4 Cluster 3,MLHUD/KISIP/CS/002/2015-2016,lot_cluster_fuzzy,37,,,,,,0,0,,0,0,0,0,,0,0,3,3,15,15,18,18,0,0,0,0,0,0,Access roads,Constructed,AC15,Storm water drainage,Constructed,AC23,Water reticulation pipes,Constructed,AC42,Household water connections,Installed,AC14,Ablution blocks,Constructed,,Floodlights,Installed,AC20,Street lights and power connections,Constructed,AC21,Markets and commercial facilities,Constructed,,Sewer lines,Installed,AC25,Water kiosks,Installed,,Footpaths,Constructed,AC17,Y,contract resolved: RFB Phase 1 Lot 1; no project_location link
pdo,PDO Tracking Matrix  29-05-2026 NPCT.xlsx,PHASE 1 NAKURUNAIROBI+CLUSTER 1,,Nakuru,,London Hilton,RFQ,RFB Phase 1 Lot 1,IDA,PHASE 1 NAKURUNAIROBI+CLUSTER 1,214,Karagita,sett225,exact,100,32,,169,Digital Public Works,MLHUD/KISIP/CS/TBD,settlement_project_location,130,859,,,,,0,0,,,0,0,0,,0,0,4,3,15,15,12,12,0,0,0,0,0,0,Access roads,Constructed,AC15,Storm water drainage,Constructed,AC23,Water reticulation pipes,Constructed,AC42,Household water connections,Installed,AC14,Ablution blocks,Constructed,,Floodlights,Installed,AC20,Street lights and power connections,Constructed,AC21,Markets and commercial facilities,Constructed,,Sewer lines,Installed,AC25,Water kiosks,Installed,,Footpaths,Constructed,AC17,Y,contract resolved: RFB Phase 1 Lot 1
pdo,PDO Tracking Matrix  29-05-2026 NPCT.xlsx,PHASE 1 NAKURUNAIROBI+CLUSTER 1,,Nakuru,,Lakeview,RFQ,RFB Phase 1 Lot 1,IDA,PHASE 1 NAKURUNAIROBI+CLUSTER 1,216,Lake view,sett227,fuzzy,102,32,,18,Consultancy services for Planning and Surveying of Selected Informal Settlements in Nakuru County - Lot 4 Cluster 3,MLHUD/KISIP/CS/002/2015-2016,lot_cluster_fuzzy,37,,,,,,0,0,,0,,0,,,,0,3,3,10,10,10,10,0,0,0,0,0,0,Access roads,Constructed,AC15,Storm water drainage,Constructed,AC23,Water reticulation pipes,Constructed,AC42,Household water connections,Installed,AC14,Ablution blocks,Constructed,,Floodlights,Installed,AC20,Street lights and power connections,Constructed,AC21,Markets and commercial facilities,Constructed,,Sewer lines,Installed,AC25,Water kiosks,Installed,,Footpaths,Constructed,AC17,Y,contract resolved: RFB Phase 1 Lot 1; no project_location link
pdo,PDO Tracking Matrix  29-05-2026 NPCT.xlsx,PHASE 1 NAKURUNAIROBI+CLUSTER 1,,Nairobi,,Kahawa Soweto,Phase 1 Lot 1,Phase 1 Lot 1,IDA,PHASE 1 NAKURUNAIROBI+CLUSTER 1,2,Kahawa Soweto,gtW4bE,exact,100,47,,104,Development of  Settlements Level Community Development Plans (CDPs) in Nairobi County,MLHUD/KISIP/CS/TBD,settlement_project_location,130,731,,,,,0.545,0,0.83,0.82,0,0,0,0,0,0,0,0,43,0,0,0,0.545,0,1.27,0.28,0,0,Access roads,Constructed,AC15,Storm water drainage,Constructed,AC23,Water reticulation pipes,Constructed,AC42,Household water connections,Installed,AC14,Ablution blocks,Constructed,,Floodlights,Installed,AC20,Street lights and power connections,Constructed,AC21,Markets and commercial facilities,Constructed,,Sewer lines,Installed,AC25,Water kiosks,Installed,,Footpaths,Constructed,AC17,Y,
pdo,PDO Tracking Matrix  29-05-2026 NPCT.xlsx,PHASE 1 NAKURUNAIROBI+CLUSTER 1,,Nairobi,,Kayole Soweto,Phase 1 Lot 1,Phase 1 Lot 1,IDA,PHASE 1 NAKURUNAIROBI+CLUSTER 1,770,Kayole Soweto,z9DRrx,exact,100,47,,169,Digital Public Works,MLHUD/KISIP/CS/TBD,settlement_project_location,130,860,,,,,3.347,0,3.6,0.59,0,0,0,0,0,0,0,0,147,0,0,0,3.25,0,0,0,0,0,Access roads,Constructed,AC15,Storm water drainage,Constructed,AC23,Water reticulation pipes,Constructed,AC42,Household water connections,Installed,AC14,Ablution blocks,Constructed,,Floodlights,Installed,AC20,Street lights and power connections,Constructed,AC21,Markets and commercial facilities,Constructed,,Sewer lines,Installed,AC25,Water kiosks,Installed,,Footpaths,Constructed,AC17,Y,
pdo,PDO Tracking Matrix  29-05-2026 NPCT.xlsx,PHASE 1 NAKURUNAIROBI+CLUSTER 1,,Nairobi,,Embakasi,Phase 1 Lot 1,Phase 1 Lot 1,IDA,PHASE 1 NAKURUNAIROBI+CLUSTER 1,1647,"Block 7 Mradi, Embakasi",dd06b5ea-6571-4dec-b2e6-9bcd8c954d10,fuzzy,108,47,,65,Infrastructure upgrading In Nairobi - AFD,MLHUD/KISIP/INF/TBD,county_infra_unique,90,,,,,,0.555,0,0.705,0.83,0,0,0,0,0,0,0,0,28,0,0,0,0.455,0,0.26,0.35,0,0,Access roads,Constructed,AC15,Storm water drainage,Constructed,AC23,Water reticulation pipes,Constructed,AC42,Household water connections,Installed,AC14,Ablution blocks,Constructed,,Floodlights,Installed,AC20,Street lights and power connections,Constructed,AC21,Markets and commercial facilities,Constructed,,Sewer lines,Installed,AC25,Water kiosks,Installed,,Footpaths,Constructed,AC17,Y,no project_location link
pdo,PDO Tracking Matrix  29-05-2026 NPCT.xlsx,PHASE 1 NAKURUNAIROBI+CLUSTER 1,,Nairobi,,Kambi Moto,Phase 1 Lot 2,Phase 1 Lot 2,AFD,PHASE 1 NAKURUNAIROBI+CLUSTER 1,3,Kambi Moto,settment_03,exact,100,47,,104,Development of  Settlements Level Community Development Plans (CDPs) in Nairobi County,MLHUD/KISIP/CS/TBD,settlement_project_location,130,732,,,,,0.55,0.55,0.55,0.55,0,0,0,0,0,,0,0,14,0,0,0,0.55,0.55,0.431,0.431,0,0,Access roads,Constructed,AC15,Storm water drainage,Constructed,AC23,Water reticulation pipes,Constructed,AC42,Household water connections,Installed,AC14,Ablution blocks,Constructed,,Floodlights,Installed,AC20,Street lights and power connections,Constructed,AC21,Markets and commercial facilities,Constructed,,Sewer lines,Installed,AC25,Water kiosks,Installed,,Footpaths,Constructed,AC17,Y,
pdo,PDO Tracking Matrix  29-05-2026 NPCT.xlsx,PHASE 1 NAKURUNAIROBI+CLUSTER 1,,Nyandarua,,Njabini,Phase 2 RFB,Phase 2 RFB,IDA,PHASE 1 NAKURUNAIROBI+CLUSTER 1,869,Njabini,tsSzaXxz1jUWqZTynNYggu,exact,100,18,,46,Infrastructure upgrading  In Nyandarua  ,KE-NYANDARUA COUNTY-398770-CW-RFB,county_infra_unique,90,,,,,,1.282,0.511,1.282,1.05,0,0,0,0,0,0,0,,81,0,0,0,1.282,1,0,0,0,0,Access roads,Constructed,AC15,Storm water drainage,Constructed,AC23,Water reticulation pipes,Constructed,AC42,Household water connections,Installed,AC14,Ablution blocks,Constructed,,Floodlights,Installed,AC20,Street lights and power connections,Constructed,AC21,Markets and commercial facilities,Constructed,,Sewer lines,Installed,AC25,Water kiosks,Installed,,Footpaths,Constructed,AC17,Y,no project_location link
pdo,PDO Tracking Matrix  29-05-2026 NPCT.xlsx,PHASE 1 NAKURUNAIROBI+CLUSTER 1,,Nyandarua,,Huruma,Phase 2 RFB,Phase 2 RFB,IDA,PHASE 1 NAKURUNAIROBI+CLUSTER 1,1801,Huruma,nyandarua202505,exact,100,18,,46,Infrastructure upgrading  In Nyandarua  ,KE-NYANDARUA COUNTY-398770-CW-RFB,county_infra_unique,90,,,,,,1.812,0,1.812,1.7,0,0,0,0,0,0,0,0,93,0,0,0,1.812,0,0,0,,0,Access roads,Constructed,AC15,Storm water drainage,Constructed,AC23,Water reticulation pipes,Constructed,AC42,Household water connections,Installed,AC14,Ablution blocks,Constructed,,Floodlights,Installed,AC20,Street lights and power connections,Constructed,AC21,Markets and commercial facilities,Constructed,,Sewer lines,Installed,AC25,Water kiosks,Installed,,Footpaths,Constructed,AC17,Y,no project_location link
pdo,PDO Tracking Matrix  29-05-2026 NPCT.xlsx,PHASE 1 NAKURUNAIROBI+CLUSTER 1,,Nyandarua,,Njabini,RFQ,RFQ,IDA,PHASE 1 NAKURUNAIROBI+CLUSTER 1,869,Njabini,tsSzaXxz1jUWqZTynNYggu,exact,100,18,,70,Infrastructures upgrading Works in Nairobi County,KE-NAIROBI COUNTY-406142-CW-RFQ,contract_partial,100,,,,,,0,0,0,0,0,0,0,0,0,0,2,2,0,0,0,0,0,0,0,0,0,0,Access roads,Constructed,AC15,Storm water drainage,Constructed,AC23,Water reticulation pipes,Constructed,AC42,Household water connections,Installed,AC14,Ablution blocks,Constructed,,Floodlights,Installed,AC20,Street lights and power connections,Constructed,AC21,Markets and commercial facilities,Constructed,,Sewer lines,Installed,AC25,Water kiosks,Installed,,Footpaths,Constructed,AC17,Y,no project_location link
pdo,PDO Tracking Matrix  29-05-2026 NPCT.xlsx,PHASE 1 NAKURUNAIROBI+CLUSTER 1,,Nyandarua,,Huruma,RFQ,RFQ,IDA,PHASE 1 NAKURUNAIROBI+CLUSTER 1,1801,Huruma,nyandarua202505,exact,100,18,,70,Infrastructures upgrading Works in Nairobi County,KE-NAIROBI COUNTY-406142-CW-RFQ,contract_partial,100,,,,,,0,0,0,0,0,0,0,0,0,0,3,3,0,0,34,34,0,0,0,0,0,0,Access roads,Constructed,AC15,Storm water drainage,Constructed,AC23,Water reticulation pipes,Constructed,AC42,Household water connections,Installed,AC14,Ablution blocks,Constructed,,Floodlights,Installed,AC20,Street lights and power connections,Constructed,AC21,Markets and commercial facilities,Constructed,,Sewer lines,Installed,AC25,Water kiosks,Installed,,Footpaths,Constructed,AC17,Y,no project_location link
pdo,PDO Tracking Matrix  29-05-2026 NPCT.xlsx,PHASE 1 NAKURUNAIROBI+CLUSTER 1,,Kiambu,,Umoja,Phase 2 RFB,Phase 2 RFB,AFD,PHASE 1 NAKURUNAIROBI+CLUSTER 1,50,Umoja,settment_60,exact,100,22,,59,Infrastructure upgrading  In Kiambu  ,KE-KIAMBU COUNTY-397485-CW-RFB,settlement_project_location,130,324,,,,,0.65,0.65,0.65,0.65,0,0,0,0,0,0,0,0,65,0,0,0,0.429,0.429,0,0,0,0,Access roads,Constructed,AC15,Storm water drainage,Constructed,AC23,Water reticulation pipes,Constructed,AC42,Household water connections,Installed,AC14,Ablution blocks,Constructed,,Floodlights,Installed,AC20,Street lights and power connections,Constructed,AC21,Markets and commercial facilities,Constructed,,Sewer lines,Installed,AC25,Water kiosks,Installed,,Footpaths,Constructed,AC17,Y,
pdo,PDO Tracking Matrix  29-05-2026 NPCT.xlsx,PHASE 1 NAKURUNAIROBI+CLUSTER 1,,Kiambu,,Fort Jesus,Phase 2 RFB,Phase 2 RFB,AFD,PHASE 1 NAKURUNAIROBI+CLUSTER 1,137,Gitambaya/Fort Jesus ,sett127,fuzzy,108,22,,59,Infrastructure upgrading  In Kiambu  ,KE-KIAMBU COUNTY-397485-CW-RFB,settlement_project_location,130,325,,,,,1.83,1.83,1.83,1.8,0,0,0,0,0,0,0,,98,1,0,0,1.83,0,0,0,0,0,Access roads,Constructed,AC15,Storm water drainage,Constructed,AC23,Water reticulation pipes,Constructed,AC42,Household water connections,Installed,AC14,Ablution blocks,Constructed,,Floodlights,Installed,AC20,Street lights and power connections,Constructed,AC21,Markets and commercial facilities,Constructed,,Sewer lines,Installed,AC25,Water kiosks,Installed,,Footpaths,Constructed,AC17,Y,
pdo,PDO Tracking Matrix  29-05-2026 NPCT.xlsx,PHASE 1 NAKURUNAIROBI+CLUSTER 1,,Kiambu,,Kiangombe,Phase 2 RFB,Phase 2 RFB,AFD,PHASE 1 NAKURUNAIROBI+CLUSTER 1,141,Kiangombe,sett132,exact,100,22,,59,Infrastructure upgrading  In Kiambu  ,KE-KIAMBU COUNTY-397485-CW-RFB,settlement_project_location,130,323,,,,,1.77,1.74,1.77,1.77,0,0,0,0,,0,0,0,95,0,0,0,1.77,0,0,0,0,0,Access roads,Constructed,AC15,Storm water drainage,Constructed,AC23,Water reticulation pipes,Constructed,AC42,Household water connections,Installed,AC14,Ablution blocks,Constructed,,Floodlights,Installed,AC20,Street lights and power connections,Constructed,AC21,Markets and commercial facilities,Constructed,,Sewer lines,Installed,AC25,Water kiosks,Installed,,Footpaths,Constructed,AC17,Y,
pdo,PDO Tracking Matrix  29-05-2026 NPCT.xlsx,PHASE 1 NAKURUNAIROBI+CLUSTER 1,,Kiambu,,Misri,Phase 2 RFB,Phase 2 RFB,AFD,PHASE 1 NAKURUNAIROBI+CLUSTER 1,1897,Misri,Kiambu202615,exact,100,22,,59,Infrastructure upgrading  In Kiambu  ,KE-KIAMBU COUNTY-397485-CW-RFB,settlement_project_location,130,327,,,,,1.16,1.16,1.16,1.16,0,0,0,0,0,0,0,0,90,0,0,0,1.15,0,0,0,0,0,Access roads,Constructed,AC15,Storm water drainage,Constructed,AC23,Water reticulation pipes,Constructed,AC42,Household water connections,Installed,AC14,Ablution blocks,Constructed,,Floodlights,Installed,AC20,Street lights and power connections,Constructed,AC21,Markets and commercial facilities,Constructed,,Sewer lines,Installed,AC25,Water kiosks,Installed,,Footpaths,Constructed,AC17,Y,
pdo,PDO Tracking Matrix  29-05-2026 NPCT.xlsx,PHASE 1 NAKURUNAIROBI+CLUSTER 1,,Kiambu,,Bosnia,Phase 2 RFB,Phase 2 RFB,AFD,PHASE 1 NAKURUNAIROBI+CLUSTER 1,136,Githurai Bosnia ,sett128,fuzzy,108,22,,59,Infrastructure upgrading  In Kiambu  ,KE-KIAMBU COUNTY-397485-CW-RFB,settlement_project_location,130,740,,,,,1.6,0,1.6,0,0,0,0,0,0,0,0,0,47,0,0,0,1.6,0,0,0,0,0,Access roads,Constructed,AC15,Storm water drainage,Constructed,AC23,Water reticulation pipes,Constructed,AC42,Household water connections,Installed,AC14,Ablution blocks,Constructed,,Floodlights,Installed,AC20,Street lights and power connections,Constructed,AC21,Markets and commercial facilities,Constructed,,Sewer lines,Installed,AC25,Water kiosks,Installed,,Footpaths,Constructed,AC17,Y,
pdo,PDO Tracking Matrix  29-05-2026 NPCT.xlsx,PHASE 1 NAKURUNAIROBI+CLUSTER 1,,Kiambu,,Umoja,RFQ,RFQ,IDA,PHASE 1 NAKURUNAIROBI+CLUSTER 1,50,Umoja,settment_60,exact,100,22,,59,Infrastructure upgrading  In Kiambu  ,KE-KIAMBU COUNTY-397485-CW-RFB,settlement_project_location,130,324,,,,,0,0,0,0,0,0,0,0,0,0,0,0,40,40,0,0,0,0,0,0,0,0,Access roads,Constructed,AC15,Storm water drainage,Constructed,AC23,Water reticulation pipes,Constructed,AC42,Household water connections,Installed,AC14,Ablution blocks,Constructed,,Floodlights,Installed,AC20,Street lights and power connections,Constructed,AC21,Markets and commercial facilities,Constructed,,Sewer lines,Installed,AC25,Water kiosks,Installed,,Footpaths,Constructed,AC17,Y,
pdo,PDO Tracking Matrix  29-05-2026 NPCT.xlsx,PHASE 1 NAKURUNAIROBI+CLUSTER 1,,Kiambu,,Fort Jesus,RFQ,RFQ,IDA,PHASE 1 NAKURUNAIROBI+CLUSTER 1,137,Gitambaya/Fort Jesus ,sett127,fuzzy,108,22,,59,Infrastructure upgrading  In Kiambu  ,KE-KIAMBU COUNTY-397485-CW-RFB,settlement_project_location,130,325,,,,,0,0,0,0,0,0,0,0,0,0,0,0,35,35,0,0,0,,0,0,0,0,Access roads,Constructed,AC15,Storm water drainage,Constructed,AC23,Water reticulation pipes,Constructed,AC42,Household water connections,Installed,AC14,Ablution blocks,Constructed,,Floodlights,Installed,AC20,Street lights and power connections,Constructed,AC21,Markets and commercial facilities,Constructed,,Sewer lines,Installed,AC25,Water kiosks,Installed,,Footpaths,Constructed,AC17,Y,
pdo,PDO Tracking Matrix  29-05-2026 NPCT.xlsx,PHASE 1 NAKURUNAIROBI+CLUSTER 1,,Kiambu,,Kiangombe,RFQ,RFQ,IDA,PHASE 1 NAKURUNAIROBI+CLUSTER 1,141,Kiangombe,sett132,exact,100,22,,59,Infrastructure upgrading  In Kiambu  ,KE-KIAMBU COUNTY-397485-CW-RFB,settlement_project_location,130,323,,,,,0,0,0,0,0,0,0,0,0,0,0,0,65,65,0,0,0,,,,0,,Access roads,Constructed,AC15,Storm water drainage,Constructed,AC23,Water reticulation pipes,Constructed,AC42,Household water connections,Installed,AC14,Ablution blocks,Constructed,,Floodlights,Installed,AC20,Street lights and power connections,Constructed,AC21,Markets and commercial facilities,Constructed,,Sewer lines,Installed,AC25,Water kiosks,Installed,,Footpaths,Constructed,AC17,Y,
pdo,PDO Tracking Matrix  29-05-2026 NPCT.xlsx,PHASE 1 NAKURUNAIROBI+CLUSTER 1,,Kiambu,,Misri,RFQ,RFQ,IDA,PHASE 1 NAKURUNAIROBI+CLUSTER 1,1897,Misri,Kiambu202615,exact,100,22,,59,Infrastructure upgrading  In Kiambu  ,KE-KIAMBU COUNTY-397485-CW-RFB,settlement_project_location,130,327,,,,,0,0,0,0,0,0,0,0,0,0,0,0,30,30,0,0,0,0,0,0,0,0,Access roads,Constructed,AC15,Storm water drainage,Constructed,AC23,Water reticulation pipes,Constructed,AC42,Household water connections,Installed,AC14,Ablution blocks,Constructed,,Floodlights,Installed,AC20,Street lights and power connections,Constructed,AC21,Markets and commercial facilities,Constructed,,Sewer lines,Installed,AC25,Water kiosks,Installed,,Footpaths,Constructed,AC17,Y,
pdo,PDO Tracking Matrix  29-05-2026 NPCT.xlsx,PHASE 1 NAKURUNAIROBI+CLUSTER 1,,Kiambu,,Bosnia,RFQ,RFQ,IDA,PHASE 1 NAKURUNAIROBI+CLUSTER 1,136,Githurai Bosnia ,sett128,fuzzy,108,22,,59,Infrastructure upgrading  In Kiambu  ,KE-KIAMBU COUNTY-397485-CW-RFB,settlement_project_location,130,740,,,,,0,0,0,0,0,0,0,0,0,0,0,0,25,25,0,0,0,,,,,,Access roads,Constructed,AC15,Storm water drainage,Constructed,AC23,Water reticulation pipes,Constructed,AC42,Household water connections,Installed,AC14,Ablution blocks,Constructed,,Floodlights,Installed,AC20,Street lights and power connections,Constructed,AC21,Markets and commercial facilities,Constructed,,Sewer lines,Installed,AC25,Water kiosks,Installed,,Footpaths,Constructed,AC17,Y,
pdo,PDO Tracking Matrix  29-05-2026 NPCT.xlsx,PHASE 1 NAKURUNAIROBI+CLUSTER 1,,Kajiado,,Gichagi,Phase 2 RFB,Phase 2 RFB,AFD,PHASE 1 NAKURUNAIROBI+CLUSTER 1,132,Gichagi,sett121,exact,100,34,,60,Infrastructure upgrading  In Kajiado,KE-KAJIADO COUNTY-402170-CW-RFB,county_infra_unique,90,,,,,,1.17,1.01,1.483,1.01,0,0,0,0,0,0,0,0,63,0,0,0,1.17,1.01,,,,,Access roads,Constructed,AC15,Storm water drainage,Constructed,AC23,Water reticulation pipes,Constructed,AC42,Household water connections,Installed,AC14,Ablution blocks,Constructed,,Floodlights,Installed,AC20,Street lights and power connections,Constructed,AC21,Markets and commercial facilities,Constructed,,Sewer lines,Installed,AC25,Water kiosks,Installed,,Footpaths,Constructed,AC17,Y,no project_location link
pdo,PDO Tracking Matrix  29-05-2026 NPCT.xlsx,PHASE 1 NAKURUNAIROBI+CLUSTER 1,,Kajiado,,Majengo,Phase 2 RFB,Phase 2 RFB,AFD,PHASE 1 NAKURUNAIROBI+CLUSTER 1,717,Majengo,sett823,exact,100,34,,60,Infrastructure upgrading  In Kajiado,KE-KAJIADO COUNTY-402170-CW-RFB,county_infra_unique,90,,,,,,1.269,1.209,1.415,1.209,0,0,0,0,0,0,0,0,63,0,0,0,1.2,1.209,,,,,Access roads,Constructed,AC15,Storm water drainage,Constructed,AC23,Water reticulation pipes,Constructed,AC42,Household water connections,Installed,AC14,Ablution blocks,Constructed,,Floodlights,Installed,AC20,Street lights and power connections,Constructed,AC21,Markets and commercial facilities,Constructed,,Sewer lines,Installed,AC25,Water kiosks,Installed,,Footpaths,Constructed,AC17,Y,no project_location link
pdo,PDO Tracking Matrix  29-05-2026 NPCT.xlsx,PHASE 1 NAKURUNAIROBI+CLUSTER 1,,Kajiado,,Gichagi,RFQ,RFQ,IDA,PHASE 1 NAKURUNAIROBI+CLUSTER 1,132,Gichagi,sett121,exact,100,34,,70,Infrastructures upgrading Works in Nairobi County,KE-NAIROBI COUNTY-406142-CW-RFQ,contract_partial,100,,,,,,0,0,0,0,0,0,0,0,0,,3,3,0,0,0,0,0,0,,,,,Access roads,Constructed,AC15,Storm water drainage,Constructed,AC23,Water reticulation pipes,Constructed,AC42,Household water connections,Installed,AC14,Ablution blocks,Constructed,,Floodlights,Installed,AC20,Street lights and power connections,Constructed,AC21,Markets and commercial facilities,Constructed,,Sewer lines,Installed,AC25,Water kiosks,Installed,,Footpaths,Constructed,AC17,Y,no project_location link
pdo,PDO Tracking Matrix  29-05-2026 NPCT.xlsx,PHASE 1 NAKURUNAIROBI+CLUSTER 1,,Kajiado,,Majengo,RFQ,RFQ,IDA,PHASE 1 NAKURUNAIROBI+CLUSTER 1,717,Majengo,sett823,exact,100,34,,70,Infrastructures upgrading Works in Nairobi County,KE-NAIROBI COUNTY-406142-CW-RFQ,contract_partial,100,,,,,,0,0,0,0,0,0,0,0,0,0,3,3,0,0,0,0,0,0,,,,,Access roads,Constructed,AC15,Storm water drainage,Constructed,AC23,Water reticulation pipes,Constructed,AC42,Household water connections,Installed,AC14,Ablution blocks,Constructed,,Floodlights,Installed,AC20,Street lights and power connections,Constructed,AC21,Markets and commercial facilities,Constructed,,Sewer lines,Installed,AC25,Water kiosks,Installed,,Footpaths,Constructed,AC17,Y,no project_location link
pdo,PDO Tracking Matrix  29-05-2026 NPCT.xlsx,PHASE 1 NAKURUNAIROBI+CLUSTER 1,,Nairobi,,Matopeni,Phase 2 RFB,Phase 1 Lot 2,AFD,PHASE 1 NAKURUNAIROBI+CLUSTER 1,340,Matopeni,sett406,exact,100,47,,65,Infrastructure upgrading In Nairobi - AFD,MLHUD/KISIP/INF/TBD,county_infra_unique,90,,,,,,1.817,0,0.805,0,0,0,0,0,0,0,,0,110,0,0,0,1.81,0,,,,,Access roads,Constructed,AC15,Storm water drainage,Constructed,AC23,Water reticulation pipes,Constructed,AC42,Household water connections,Installed,AC14,Ablution blocks,Constructed,,Floodlights,Installed,AC20,Street lights and power connections,Constructed,AC21,Markets and commercial facilities,Constructed,,Sewer lines,Installed,AC25,Water kiosks,Installed,,Footpaths,Constructed,AC17,Y,contract resolved: Phase 1 Lot 2; no project_location link
pdo,PDO Tracking Matrix  29-05-2026 NPCT.xlsx,PHASE 1 NAKURUNAIROBI+CLUSTER 1,,Nairobi,,Spring Valley,Phase 2 RFB,Phase 1 Lot 2,AFD,PHASE 1 NAKURUNAIROBI+CLUSTER 1,212,Spring Valley,sQLmEK,exact,100,47,,65,Infrastructure upgrading In Nairobi - AFD,MLHUD/KISIP/INF/TBD,settlement_project_location,130,735,,,,,1.177,0,0.345,0,0,0,0,0,0,0,0,0,66,0,0,0,1.15,,,,,,Access roads,Constructed,AC15,Storm water drainage,Constructed,AC23,Water reticulation pipes,Constructed,AC42,Household water connections,Installed,AC14,Ablution blocks,Constructed,,Floodlights,Installed,AC20,Street lights and power connections,Constructed,AC21,Markets and commercial facilities,Constructed,,Sewer lines,Installed,AC25,Water kiosks,Installed,,Footpaths,Constructed,AC17,Y,contract resolved: Phase 1 Lot 2
pdo,PDO Tracking Matrix  29-05-2026 NPCT.xlsx,PHASE 1 NAKURUNAIROBI+CLUSTER 1,,Nairobi,,Mathare Fire Victims,Phase 2 RFB,Phase 1 Lot 2,AFD,PHASE 1 NAKURUNAIROBI+CLUSTER 1,361,Mathare 3B,sett429,fuzzy,90,47,,65,Infrastructure upgrading In Nairobi - AFD,MLHUD/KISIP/INF/TBD,county_infra_unique,90,,,,,,0.248,0,0.106,0,0,0,0,0,0,0,0,0,24,0,0,0,0.22,0,,,,,Access roads,Constructed,AC15,Storm water drainage,Constructed,AC23,Water reticulation pipes,Constructed,AC42,Household water connections,Installed,AC14,Ablution blocks,Constructed,,Floodlights,Installed,AC20,Street lights and power connections,Constructed,AC21,Markets and commercial facilities,Constructed,,Sewer lines,Installed,AC25,Water kiosks,Installed,,Footpaths,Constructed,AC17,Y,contract resolved: Phase 1 Lot 2; no project_location link
pdo,PDO Tracking Matrix  29-05-2026 NPCT.xlsx,PHASE 1 NAKURUNAIROBI+CLUSTER 1,,Nairobi,,Huruma Fire Victims,Phase 2 RFB,Phase 1 Lot 2,AFD,PHASE 1 NAKURUNAIROBI+CLUSTER 1,100,Huruma Fire Victims Phase I,XAmBSX,fuzzy,108,47,,65,Infrastructure upgrading In Nairobi - AFD,MLHUD/KISIP/INF/TBD,county_infra_unique,90,,,,,,0.918,0,0,0,0,0,0,0,0,0,0,0,55,0,0,0,0.92,0,1.005,0,1,0,Access roads,Constructed,AC15,Storm water drainage,Constructed,AC23,Water reticulation pipes,Constructed,AC42,Household water connections,Installed,AC14,Ablution blocks,Constructed,,Floodlights,Installed,AC20,Street lights and power connections,Constructed,AC21,Markets and commercial facilities,Constructed,,Sewer lines,Installed,AC25,Water kiosks,Installed,,Footpaths,Constructed,AC17,Y,contract resolved: Phase 1 Lot 2; no project_location link
pdo,PDO Tracking Matrix  29-05-2026 NPCT.xlsx,PHASE 1 NAKURUNAIROBI+CLUSTER 1,,Nairobi,,Majengo,Phase 2 RFB,Phase 1 Lot 2,AFD,PHASE 1 NAKURUNAIROBI+CLUSTER 1,211,Pumwani Majengo,W3fYR4,fuzzy,108,47,,65,Infrastructure upgrading In Nairobi - AFD,MLHUD/KISIP/INF/TBD,settlement_project_location,130,340,,,,,0.821,0,0,0,0,0,0,0,0,0,,0,46,0,0,0,,,,,,,Access roads,Constructed,AC15,Storm water drainage,Constructed,AC23,Water reticulation pipes,Constructed,AC42,Household water connections,Installed,AC14,Ablution blocks,Constructed,,Floodlights,Installed,AC20,Street lights and power connections,Constructed,AC21,Markets and commercial facilities,Constructed,,Sewer lines,Installed,AC25,Water kiosks,Installed,,Footpaths,Constructed,AC17,Y,contract resolved: Phase 1 Lot 2
pdo,PDO Tracking Matrix  29-05-2026 NPCT.xlsx,PHASE 1 NAKURUNAIROBI+CLUSTER 1,,Nairobi,,Matopeni,RFQ,Phase 1 Lot 2,IDA,PHASE 1 NAKURUNAIROBI+CLUSTER 1,340,Matopeni,sett406,exact,100,47,,65,Infrastructure upgrading In Nairobi - AFD,MLHUD/KISIP/INF/TBD,county_infra_unique,90,,,,,,0,,0,0,0,0,0,0,0,0,1,1,0,0,0,0,0.82,0,,,,,Access roads,Constructed,AC15,Storm water drainage,Constructed,AC23,Water reticulation pipes,Constructed,AC42,Household water connections,Installed,AC14,Ablution blocks,Constructed,,Floodlights,Installed,AC20,Street lights and power connections,Constructed,AC21,Markets and commercial facilities,Constructed,,Sewer lines,Installed,AC25,Water kiosks,Installed,,Footpaths,Constructed,AC17,Y,contract resolved: Phase 1 Lot 2; no project_location link
pdo,PDO Tracking Matrix  29-05-2026 NPCT.xlsx,PHASE 1 NAKURUNAIROBI+CLUSTER 1,,Nairobi,,Spring Valley,RFQ,Phase 1 Lot 2,IDA,PHASE 1 NAKURUNAIROBI+CLUSTER 1,212,Spring Valley,sQLmEK,exact,100,47,,65,Infrastructure upgrading In Nairobi - AFD,MLHUD/KISIP/INF/TBD,settlement_project_location,130,735,,,,,0,0,0,0,0,0,0,0,0,0,1,1,0,0,0,0,,,,,,,Access roads,Constructed,AC15,Storm water drainage,Constructed,AC23,Water reticulation pipes,Constructed,AC42,Household water connections,Installed,AC14,Ablution blocks,Constructed,,Floodlights,Installed,AC20,Street lights and power connections,Constructed,AC21,Markets and commercial facilities,Constructed,,Sewer lines,Installed,AC25,Water kiosks,Installed,,Footpaths,Constructed,AC17,Y,contract resolved: Phase 1 Lot 2
pdo,PDO Tracking Matrix  29-05-2026 NPCT.xlsx,PHASE 1 NAKURUNAIROBI+CLUSTER 1,,Nairobi,,Mathare Fire Victims,RFQ,Phase 1 Lot 2,IDA,PHASE 1 NAKURUNAIROBI+CLUSTER 1,361,Mathare 3B,sett429,fuzzy,90,47,,65,Infrastructure upgrading In Nairobi - AFD,MLHUD/KISIP/INF/TBD,county_infra_unique,90,,,,,,0,0,0,0,0,0,0,0,0,0,1,1,0,0,0,0,0,0,,,,,Access roads,Constructed,AC15,Storm water drainage,Constructed,AC23,Water reticulation pipes,Constructed,AC42,Household water connections,Installed,AC14,Ablution blocks,Constructed,,Floodlights,Installed,AC20,Street lights and power connections,Constructed,AC21,Markets and commercial facilities,Constructed,,Sewer lines,Installed,AC25,Water kiosks,Installed,,Footpaths,Constructed,AC17,Y,contract resolved: Phase 1 Lot 2; no project_location link
pdo,PDO Tracking Matrix  29-05-2026 NPCT.xlsx,PHASE 1 NAKURUNAIROBI+CLUSTER 1,,Nairobi,,Huruma Fire Victims,RFQ,Phase 1 Lot 2,IDA,PHASE 1 NAKURUNAIROBI+CLUSTER 1,100,Huruma Fire Victims Phase I,XAmBSX,fuzzy,108,47,,65,Infrastructure upgrading In Nairobi - AFD,MLHUD/KISIP/INF/TBD,county_infra_unique,90,,,,,,0,0,0,0,0,0,0,0,0,0,1,1,0,0,0,0,0,0,,,,,Access roads,Constructed,AC15,Storm water drainage,Constructed,AC23,Water reticulation pipes,Constructed,AC42,Household water connections,Installed,AC14,Ablution blocks,Constructed,,Floodlights,Installed,AC20,Street lights and power connections,Constructed,AC21,Markets and commercial facilities,Constructed,,Sewer lines,Installed,AC25,Water kiosks,Installed,,Footpaths,Constructed,AC17,Y,contract resolved: Phase 1 Lot 2; no project_location link
pdo,PDO Tracking Matrix  29-05-2026 NPCT.xlsx,PHASE 1 NAKURUNAIROBI+CLUSTER 1,,Nairobi,,Majengo,RFQ,Phase 1 Lot 2,IDA,PHASE 1 NAKURUNAIROBI+CLUSTER 1,211,Pumwani Majengo,W3fYR4,fuzzy,108,47,,65,Infrastructure upgrading In Nairobi - AFD,MLHUD/KISIP/INF/TBD,settlement_project_location,130,340,,,,,0,0,0,0,0,0,0,0,0,,1,1,0,0,0,0,0,0,,,,,Access roads,Constructed,AC15,Storm water drainage,Constructed,AC23,Water reticulation pipes,Constructed,AC42,Household water connections,Installed,AC14,Ablution blocks,Constructed,,Floodlights,Installed,AC20,Street lights and power connections,Constructed,AC21,Markets and commercial facilities,Constructed,,Sewer lines,Installed,AC25,Water kiosks,Installed,,Footpaths,Constructed,AC17,Y,contract resolved: Phase 1 Lot 2
pdo,PDO Tracking Matrix  29-05-2026 NPCT.xlsx,PHASE 1 NAKURUNAIROBI+CLUSTER 1,,Nairobi,,City Carton,RFQ,Phase 1 Lot 2,IDA,PHASE 1 NAKURUNAIROBI+CLUSTER 1,209,City Carton,KyU9sr,exact,100,47,,65,Infrastructure upgrading In Nairobi - AFD,MLHUD/KISIP/INF/TBD,county_infra_unique,90,,,,,,0,0,0,0,0,0,0,0,0,0,1,1,0,0,0,0,0,,,,,,Access roads,Constructed,AC15,Storm water drainage,Constructed,AC23,Water reticulation pipes,Constructed,AC42,Household water connections,Installed,AC14,Ablution blocks,Constructed,,Floodlights,Installed,AC20,Street lights and power connections,Constructed,AC21,Markets and commercial facilities,Constructed,,Sewer lines,Installed,AC25,Water kiosks,Installed,,Footpaths,Constructed,AC17,Y,contract resolved: Phase 1 Lot 2; no project_location link
pdo,PDO Tracking Matrix  29-05-2026 NPCT.xlsx,PHASE 1 KILIFI + CLUSTER 2 ,,Kilifi,,Kibaoni,Phase 1 Lot 1,Phase 1 Lot 1,IDA,PHASE 1 KILIFI + CLUSTER 2,145,Kibaoni,sett138,exact,100,3,,10,"Planning and Surveying of Selected Informal Settlements Lot 1: Kilifi, Nyeri, Embu Uasin Gishu ",MH/KISIP/CS/002/2010-2011,lot_cluster_fuzzy,37,,,,,,0.904,0.928,0.904,1.141,0,0,600,270,0,0,0,0,0,10,0,0,0,0,0,0,0,0,Access roads,Constructed,AC15,Storm water drainage,Constructed,AC23,Water reticulation pipes,Constructed,AC42,Household water connections,Installed,AC14,Ablution blocks,Constructed,,Floodlights,Installed,AC20,Street lights and power connections,Constructed,AC21,Markets and commercial facilities,Constructed,,Sewer lines,Installed,AC25,Water kiosks,Installed,,Footpaths,Constructed,AC17,Y,no project_location link
pdo,PDO Tracking Matrix  29-05-2026 NPCT.xlsx,PHASE 1 KILIFI + CLUSTER 2 ,,Kilifi,,Kalolo,Phase 1 Lot 1,Phase 1 Lot 1,IDA,PHASE 1 KILIFI + CLUSTER 2,144,Kalolo,sett137,exact,100,3,,10,"Planning and Surveying of Selected Informal Settlements Lot 1: Kilifi, Nyeri, Embu Uasin Gishu ",MH/KISIP/CS/002/2010-2011,lot_cluster_fuzzy,37,,,,,,1.343,1.404,1.343,1.543,0,0,400,193,0,0,0,0,0,0,0,0,0,0,0,0,0,0,Access roads,Constructed,AC15,Storm water drainage,Constructed,AC23,Water reticulation pipes,Constructed,AC42,Household water connections,Installed,AC14,Ablution blocks,Constructed,,Floodlights,Installed,AC20,Street lights and power connections,Constructed,AC21,Markets and commercial facilities,Constructed,,Sewer lines,Installed,AC25,Water kiosks,Installed,,Footpaths,Constructed,AC17,Y,no project_location link
pdo,PDO Tracking Matrix  29-05-2026 NPCT.xlsx,PHASE 1 KILIFI + CLUSTER 2 ,,Kilifi,,Baya Magonzi,Phase 1 Lot 1,Phase 1 Lot 1,IDA,PHASE 1 KILIFI + CLUSTER 2,146,Bayamangozi,sett136,fuzzy,95,3,,10,"Planning and Surveying of Selected Informal Settlements Lot 1: Kilifi, Nyeri, Embu Uasin Gishu ",MH/KISIP/CS/002/2010-2011,lot_cluster_fuzzy,37,,,,,,1.47,2.172,1.47,1.696,0,0,500,237,0,0,0,0,0,0,0,0,0,0,0,0,0,0,Access roads,Constructed,AC15,Storm water drainage,Constructed,AC23,Water reticulation pipes,Constructed,AC42,Household water connections,Installed,AC14,Ablution blocks,Constructed,,Floodlights,Installed,AC20,Street lights and power connections,Constructed,AC21,Markets and commercial facilities,Constructed,,Sewer lines,Installed,AC25,Water kiosks,Installed,,Footpaths,Constructed,AC17,Y,no project_location link
pdo,PDO Tracking Matrix  29-05-2026 NPCT.xlsx,PHASE 1 KILIFI + CLUSTER 2 ,,Kilifi,,Mtaani,Phase 1 Lot 1,Phase 1 Lot 1,IDA,PHASE 1 KILIFI + CLUSTER 2,150,Mtaani,sett143,exact,100,3,,10,"Planning and Surveying of Selected Informal Settlements Lot 1: Kilifi, Nyeri, Embu Uasin Gishu ",MH/KISIP/CS/002/2010-2011,lot_cluster_fuzzy,37,,,,,,1.306,0.857,1.306,0.817,0,0,0,0,0,0,0,0,39,29,0,0,0,0,0,0,0,0,Access roads,Constructed,AC15,Storm water drainage,Constructed,AC23,Water reticulation pipes,Constructed,AC42,Household water connections,Installed,AC14,Ablution blocks,Constructed,,Floodlights,Installed,AC20,Street lights and power connections,Constructed,AC21,Markets and commercial facilities,Constructed,,Sewer lines,Installed,AC25,Water kiosks,Installed,,Footpaths,Constructed,AC17,Y,no project_location link
pdo,PDO Tracking Matrix  29-05-2026 NPCT.xlsx,PHASE 1 KILIFI + CLUSTER 2 ,,Kilifi,,Kisumu Ngogo,Phase 1 Lot 2,Phase 1 Lot 2,AFD,PHASE 1 KILIFI + CLUSTER 2,1535,Mtaani Kisumu Ndogo,c35692e5-4416-41f4-b98b-f2158d973b88,fuzzy,100,3,,10,"Planning and Surveying of Selected Informal Settlements Lot 1: Kilifi, Nyeri, Embu Uasin Gishu ",MH/KISIP/CS/002/2010-2011,lot_cluster_fuzzy,37,,,,,,0.803,,0.803,0.803,0,0,0,0,0,0,0,0,29,0,0,0,0,0,0,0,0,0,Access roads,Constructed,AC15,Storm water drainage,Constructed,AC23,Water reticulation pipes,Constructed,AC42,Household water connections,Installed,AC14,Ablution blocks,Constructed,,Floodlights,Installed,AC20,Street lights and power connections,Constructed,AC21,Markets and commercial facilities,Constructed,,Sewer lines,Installed,AC25,Water kiosks,Installed,,Footpaths,Constructed,AC17,Y,no project_location link
pdo,PDO Tracking Matrix  29-05-2026 NPCT.xlsx,PHASE 1 KILIFI + CLUSTER 2 ,,Kilifi,,Muyeye,Phase 1 Lot 2,Phase 1 Lot 2,AFD,PHASE 1 KILIFI + CLUSTER 2,11,Muyeye I,settment_16,fuzzy,108,3,,10,"Planning and Surveying of Selected Informal Settlements Lot 1: Kilifi, Nyeri, Embu Uasin Gishu ",MH/KISIP/CS/002/2010-2011,lot_cluster_fuzzy,37,,,,,,4.591,4.229,2.225,1.41,0,0,0,0,0,0,0,0,0,0,0,0,0,0,0,0,0,0,Access roads,Constructed,AC15,Storm water drainage,Constructed,AC23,Water reticulation pipes,Constructed,AC42,Household water connections,Installed,AC14,Ablution blocks,Constructed,,Floodlights,Installed,AC20,Street lights and power connections,Constructed,AC21,Markets and commercial facilities,Constructed,,Sewer lines,Installed,AC25,Water kiosks,Installed,,Footpaths,Constructed,AC17,Y,no project_location link
pdo,PDO Tracking Matrix  29-05-2026 NPCT.xlsx,PHASE 1 KILIFI + CLUSTER 2 ,,Kilifi,,Muyeye,Phase 1 Lot 3,Phase 1 Lot 3,IDA,PHASE 1 KILIFI + CLUSTER 2,11,Muyeye I,settment_16,fuzzy,108,3,,10,"Planning and Surveying of Selected Informal Settlements Lot 1: Kilifi, Nyeri, Embu Uasin Gishu ",MH/KISIP/CS/002/2010-2011,lot_cluster_fuzzy,37,,,,,,0,0,0,0,0,0,0,0,250,220,0,0,0,0,0,0,0,0,0,0,0,0,Access roads,Constructed,AC15,Storm water drainage,Constructed,AC23,Water reticulation pipes,Constructed,AC42,Household water connections,Installed,AC14,Ablution blocks,Constructed,,Floodlights,Installed,AC20,Street lights and power connections,Constructed,AC21,Markets and commercial facilities,Constructed,,Sewer lines,Installed,AC25,Water kiosks,Installed,,Footpaths,Constructed,AC17,Y,no project_location link
pdo,PDO Tracking Matrix  29-05-2026 NPCT.xlsx,PHASE 1 KILIFI + CLUSTER 2 ,,Kilifi,,Kibokoni M17E,Phase 2 RFB,Phase 1 Lot 3,IDA,PHASE 1 KILIFI + CLUSTER 2,13,Kibokoni M17E,d77MffsZgXds9WBfsQfv71,exact,100,3,,10,"Planning and Surveying of Selected Informal Settlements Lot 1: Kilifi, Nyeri, Embu Uasin Gishu ",MH/KISIP/CS/002/2010-2011,lot_cluster_fuzzy,37,,,,,,2.204,2.204,2.372,2.372,0,0,0,0,0,0,4,4,0,0,0,0,0,0,0,0,0,0,Access roads,Constructed,AC15,Storm water drainage,Constructed,AC23,Water reticulation pipes,Constructed,AC42,Household water connections,Installed,AC14,Ablution blocks,Constructed,,Floodlights,Installed,AC20,Street lights and power connections,Constructed,AC21,Markets and commercial facilities,Constructed,,Sewer lines,Installed,AC25,Water kiosks,Installed,,Footpaths,Constructed,AC17,Y,contract resolved: Phase 1 Lot 3; no project_location link
pdo,PDO Tracking Matrix  29-05-2026 NPCT.xlsx,PHASE 1 KILIFI + CLUSTER 2 ,,Kilifi,,Mtaani,Phase 2 RFQ,Phase 1 Lot 1,IDA,PHASE 1 KILIFI + CLUSTER 2,150,Mtaani,sett143,exact,100,3,,10,"Planning and Surveying of Selected Informal Settlements Lot 1: Kilifi, Nyeri, Embu Uasin Gishu ",MH/KISIP/CS/002/2010-2011,lot_cluster_fuzzy,37,,,,,,0,0,0,0,0,0,0,0,0,0,0,0,0,0,18,18,0,0,0,0,0,0,Access roads,Constructed,AC15,Storm water drainage,Constructed,AC23,Water reticulation pipes,Constructed,AC42,Household water connections,Installed,AC14,Ablution blocks,Constructed,,Floodlights,Installed,AC20,Street lights and power connections,Constructed,AC21,Markets and commercial facilities,Constructed,,Sewer lines,Installed,AC25,Water kiosks,Installed,,Footpaths,Constructed,AC17,Y,contract resolved: Phase 1 Lot 1; no project_location link
pdo,PDO Tracking Matrix  29-05-2026 NPCT.xlsx,PHASE 1 KILIFI + CLUSTER 2 ,,Kilifi,,Kisumu Ndogo,Phase 2 RFQ,Phase 1 Lot 3,IDA,PHASE 1 KILIFI + CLUSTER 2,1535,Mtaani Kisumu Ndogo,c35692e5-4416-41f4-b98b-f2158d973b88,fuzzy,108,3,,10,"Planning and Surveying of Selected Informal Settlements Lot 1: Kilifi, Nyeri, Embu Uasin Gishu ",MH/KISIP/CS/002/2010-2011,lot_cluster_fuzzy,37,,,,,,0,0,0,0,0,0,0,0,0,0,0,0,0,0,12,12,0,0,0,0,0,0,Access roads,Constructed,AC15,Storm water drainage,Constructed,AC23,Water reticulation pipes,Constructed,AC42,Household water connections,Installed,AC14,Ablution blocks,Constructed,,Floodlights,Installed,AC20,Street lights and power connections,Constructed,AC21,Markets and commercial facilities,Constructed,,Sewer lines,Installed,AC25,Water kiosks,Installed,,Footpaths,Constructed,AC17,Y,contract resolved: Phase 1 Lot 3; no project_location link
pdo,PDO Tracking Matrix  29-05-2026 NPCT.xlsx,PHASE 1 KILIFI + CLUSTER 2 ,,Kilifi,,Kibaoni,Phase 2 RFQ,Phase 1 Lot 1,IDA,PHASE 1 KILIFI + CLUSTER 2,145,Kibaoni,sett138,exact,100,3,,10,"Planning and Surveying of Selected Informal Settlements Lot 1: Kilifi, Nyeri, Embu Uasin Gishu ",MH/KISIP/CS/002/2010-2011,lot_cluster_fuzzy,37,,,,,,0,0,0,0,0,0,0,0,0,0,0,0,0,0,24,24,0,0,0,0,0,0,Access roads,Constructed,AC15,Storm water drainage,Constructed,AC23,Water reticulation pipes,Constructed,AC42,Household water connections,Installed,AC14,Ablution blocks,Constructed,,Floodlights,Installed,AC20,Street lights and power connections,Constructed,AC21,Markets and commercial facilities,Constructed,,Sewer lines,Installed,AC25,Water kiosks,Installed,,Footpaths,Constructed,AC17,Y,contract resolved: Phase 1 Lot 1; no project_location link
pdo,PDO Tracking Matrix  29-05-2026 NPCT.xlsx,PHASE 1 KILIFI + CLUSTER 2 ,,Kilifi,,Kalolo,Phase 2 RFQ,Phase 1 Lot 1,IDA,PHASE 1 KILIFI + CLUSTER 2,144,Kalolo,sett137,exact,100,3,,10,"Planning and Surveying of Selected Informal Settlements Lot 1: Kilifi, Nyeri, Embu Uasin Gishu ",MH/KISIP/CS/002/2010-2011,lot_cluster_fuzzy,37,,,,,,0,0,0,0,0,0,0,0,0,0,0,0,0,0,18,18,0,0,0,0,0,0,Access roads,Constructed,AC15,Storm water drainage,Constructed,AC23,Water reticulation pipes,Constructed,AC42,Household water connections,Installed,AC14,Ablution blocks,Constructed,,Floodlights,Installed,AC20,Street lights and power connections,Constructed,AC21,Markets and commercial facilities,Constructed,,Sewer lines,Installed,AC25,Water kiosks,Installed,,Footpaths,Constructed,AC17,Y,contract resolved: Phase 1 Lot 1; no project_location link
pdo,PDO Tracking Matrix  29-05-2026 NPCT.xlsx,PHASE 1 KILIFI + CLUSTER 2 ,,Kilifi,,Muyeye 1,Phase 2 RFQ,Phase 1 Lot 3,IDA,PHASE 1 KILIFI + CLUSTER 2,11,Muyeye I,settment_16,fuzzy,96,3,,10,"Planning and Surveying of Selected Informal Settlements Lot 1: Kilifi, Nyeri, Embu Uasin Gishu ",MH/KISIP/CS/002/2010-2011,lot_cluster_fuzzy,37,,,,,,0,0,0,0,0,0,0,0,0,0,0,0,0,0,24,24,0,0,0,0,0,0,Access roads,Constructed,AC15,Storm water drainage,Constructed,AC23,Water reticulation pipes,Constructed,AC42,Household water connections,Installed,AC14,Ablution blocks,Constructed,,Floodlights,Installed,AC20,Street lights and power connections,Constructed,AC21,Markets and commercial facilities,Constructed,,Sewer lines,Installed,AC25,Water kiosks,Installed,,Footpaths,Constructed,AC17,Y,contract resolved: Phase 1 Lot 3; no project_location link
pdo,PDO Tracking Matrix  29-05-2026 NPCT.xlsx,PHASE 1 KILIFI + CLUSTER 2 ,,Mombasa,,"Likoni 203,",Phase 2 RFB,Phase 2 RFB,IDA,PHASE 1 KILIFI + CLUSTER 2,18,Likoni 203,settment_14,exact,100,1,,123,"Development of Settlements Level Community Development Plans (CDPs) Phase 2 in Mombasa County
",MLHUD/KISIP/CS/TBD,settlement_project_location,130,389,,,,,3.256,3.256,3.256,0.676,9.219,0,1200,0,0,0,5,0,0,0,0,0,0,0,0,0,0,0,Access roads,Constructed,AC15,Storm water drainage,Constructed,AC23,Water reticulation pipes,Constructed,AC42,Household water connections,Installed,AC14,Ablution blocks,Constructed,,Floodlights,Installed,AC20,Street lights and power connections,Constructed,AC21,Markets and commercial facilities,Constructed,,Sewer lines,Installed,AC25,Water kiosks,Installed,,Footpaths,Constructed,AC17,Y,
pdo,PDO Tracking Matrix  29-05-2026 NPCT.xlsx,PHASE 1 KILIFI + CLUSTER 2 ,,Mombasa,,"Kidunguni,",Phase 2 RFB,Phase 2 RFB,IDA,PHASE 1 KILIFI + CLUSTER 2,6,Kindunguni,settment_08,fuzzy,103,1,,98,"Survey and Planning In Selected Informal Setlements In Mombasa, kwale and Tana river counties Cluster 1(Geodev)",KE-MOTI-382543-CS-QCBS,settlement_project_location,130,209,399,,PHASE IIA (LOT 6),Cluster 1,0.56308,0.19012,1.35,0.525,0,0,0,0,0,0,3,0,0,0,0,0,0,0,0,0,0,0,Access roads,Constructed,AC15,Storm water drainage,Constructed,AC23,Water reticulation pipes,Constructed,AC42,Household water connections,Installed,AC14,Ablution blocks,Constructed,,Floodlights,Installed,AC20,Street lights and power connections,Constructed,AC21,Markets and commercial facilities,Constructed,,Sewer lines,Installed,AC25,Water kiosks,Installed,,Footpaths,Constructed,AC17,Y,
pdo,PDO Tracking Matrix  29-05-2026 NPCT.xlsx,PHASE 1 KILIFI + CLUSTER 2 ,,Mombasa,,"Chaani,",Phase 2 RFB,Phase 2 RFB,IDA,PHASE 1 KILIFI + CLUSTER 2,9,Chaani,4LAU1WXRUz6LucDPa5gJmp,exact,100,1,,73,Infrastructure upgrading  In Mombasa,KE-MOMBASA COUNTY-394914-CW-RFQ,county_infra_unique,90,,,,,,0.61749,0.61749,0.61749,0.61749,4.886,0,860,0,0,0,3,0,0,0,0,0,0,0,0,0,0,0,Access roads,Constructed,AC15,Storm water drainage,Constructed,AC23,Water reticulation pipes,Constructed,AC42,Household water connections,Installed,AC14,Ablution blocks,Constructed,,Floodlights,Installed,AC20,Street lights and power connections,Constructed,AC21,Markets and commercial facilities,Constructed,,Sewer lines,Installed,AC25,Water kiosks,Installed,,Footpaths,Constructed,AC17,Y,no project_location link
pdo,PDO Tracking Matrix  29-05-2026 NPCT.xlsx,PHASE 1 KILIFI + CLUSTER 2 ,,Mombasa,,"Misufini,",Phase 2 RFB,Phase 2 RFB,IDA,PHASE 1 KILIFI + CLUSTER 2,7,Misufini(Mombasa),settment_10,fuzzy,108,1,,123,"Development of Settlements Level Community Development Plans (CDPs) Phase 2 in Mombasa County
",MLHUD/KISIP/CS/TBD,settlement_project_location,130,388,,,,,1.40935,0,1.40935,0,5.636,0,591,0,0,0,4,0,0,0,0,0,0,0,0,0,0,0,Access roads,Constructed,AC15,Storm water drainage,Constructed,AC23,Water reticulation pipes,Constructed,AC42,Household water connections,Installed,AC14,Ablution blocks,Constructed,,Floodlights,Installed,AC20,Street lights and power connections,Constructed,AC21,Markets and commercial facilities,Constructed,,Sewer lines,Installed,AC25,Water kiosks,Installed,,Footpaths,Constructed,AC17,Y,
pdo,PDO Tracking Matrix  29-05-2026 NPCT.xlsx,PHASE 1 KILIFI + CLUSTER 2 ,,Mombasa,,Kisumu Ndogo,Phase 2 RFB,Phase 2 RFB,IDA,PHASE 1 KILIFI + CLUSTER 2,5,Kisumu Ndogo (Mombasa),settment_09,fuzzy,108,1,,73,Infrastructure upgrading  In Mombasa,KE-MOMBASA COUNTY-394914-CW-RFQ,county_infra_unique,90,,,,,,1.219,1.115,3.449,1.214,0,0,0,0,0,0,4,0,0,0,0,0,0,0,0,0,0,0,Access roads,Constructed,AC15,Storm water drainage,Constructed,AC23,Water reticulation pipes,Constructed,AC42,Household water connections,Installed,AC14,Ablution blocks,Constructed,,Floodlights,Installed,AC20,Street lights and power connections,Constructed,AC21,Markets and commercial facilities,Constructed,,Sewer lines,Installed,AC25,Water kiosks,Installed,,Footpaths,Constructed,AC17,Y,no project_location link
pdo,PDO Tracking Matrix  29-05-2026 NPCT.xlsx,PHASE 1 KILIFI + CLUSTER 2 ,,Mombasa,,Majaoni,Phase 2 RFB,Phase 2 RFB,IDA,PHASE 1 KILIFI + CLUSTER 2,768,Majaoni,oBNqKU9XD,exact,100,1,,123,"Development of Settlements Level Community Development Plans (CDPs) Phase 2 in Mombasa County
",MLHUD/KISIP/CS/TBD,settlement_project_location,130,387,,,,,3.879,0.9308531,3.879,0.308,0,0,0,0,0,0,3,0,0,0,0,0,0,0,0,0,0,0,Access roads,Constructed,AC15,Storm water drainage,Constructed,AC23,Water reticulation pipes,Constructed,AC42,Household water connections,Installed,AC14,Ablution blocks,Constructed,,Floodlights,Installed,AC20,Street lights and power connections,Constructed,AC21,Markets and commercial facilities,Constructed,,Sewer lines,Installed,AC25,Water kiosks,Installed,,Footpaths,Constructed,AC17,Y,
pdo,PDO Tracking Matrix  29-05-2026 NPCT.xlsx,PHASE 1 KILIFI + CLUSTER 2 ,,Mombasa,,"Likoni 203,",Phase 2 RFQ,Phase 2 RFQ,IDA,PHASE 1 KILIFI + CLUSTER 2,18,Likoni 203,settment_14,exact,100,1,,123,"Development of Settlements Level Community Development Plans (CDPs) Phase 2 in Mombasa County
",MLHUD/KISIP/CS/TBD,settlement_project_location,130,389,,,,,0,0,0,0,0,0,0,0,0,0,0,0,200,200,0,0,0,0,0,0,0,0,Access roads,Constructed,AC15,Storm water drainage,Constructed,AC23,Water reticulation pipes,Constructed,AC42,Household water connections,Installed,AC14,Ablution blocks,Constructed,,Floodlights,Installed,AC20,Street lights and power connections,Constructed,AC21,Markets and commercial facilities,Constructed,,Sewer lines,Installed,AC25,Water kiosks,Installed,,Footpaths,Constructed,AC17,Y,
pdo,PDO Tracking Matrix  29-05-2026 NPCT.xlsx,PHASE 1 KILIFI + CLUSTER 2 ,,Mombasa,,"Kidunguni,",Phase 2 RFQ,Phase 2 RFQ,IDA,PHASE 1 KILIFI + CLUSTER 2,6,Kindunguni,settment_08,fuzzy,103,1,,98,"Survey and Planning In Selected Informal Setlements In Mombasa, kwale and Tana river counties Cluster 1(Geodev)",KE-MOTI-382543-CS-QCBS,settlement_project_location,130,209,,,,,0,0,0,0,0,0,0,0,0,0,0,0,200,200,0,0,0,0,0,0,0,0,Access roads,Constructed,AC15,Storm water drainage,Constructed,AC23,Water reticulation pipes,Constructed,AC42,Household water connections,Installed,AC14,Ablution blocks,Constructed,,Floodlights,Installed,AC20,Street lights and power connections,Constructed,AC21,Markets and commercial facilities,Constructed,,Sewer lines,Installed,AC25,Water kiosks,Installed,,Footpaths,Constructed,AC17,Y,
pdo,PDO Tracking Matrix  29-05-2026 NPCT.xlsx,PHASE 1 KILIFI + CLUSTER 2 ,,Mombasa,,"Chaani,",Phase 2 RFQ,Phase 2 RFQ,IDA,PHASE 1 KILIFI + CLUSTER 2,9,Chaani,4LAU1WXRUz6LucDPa5gJmp,exact,100,1,,73,Infrastructure upgrading  In Mombasa,KE-MOMBASA COUNTY-394914-CW-RFQ,county_infra_unique,90,,,,,,0,0,0,0,0,0,0,0,0,0,0,0,200,200,0,0,0,0,0,0,0,0,Access roads,Constructed,AC15,Storm water drainage,Constructed,AC23,Water reticulation pipes,Constructed,AC42,Household water connections,Installed,AC14,Ablution blocks,Constructed,,Floodlights,Installed,AC20,Street lights and power connections,Constructed,AC21,Markets and commercial facilities,Constructed,,Sewer lines,Installed,AC25,Water kiosks,Installed,,Footpaths,Constructed,AC17,Y,no project_location link
pdo,PDO Tracking Matrix  29-05-2026 NPCT.xlsx,PHASE 1 KILIFI + CLUSTER 2 ,,Mombasa,,"Misufini,",Phase 2 RFQ,Phase 2 RFQ,IDA,PHASE 1 KILIFI + CLUSTER 2,7,Misufini(Mombasa),settment_10,fuzzy,108,1,,123,"Development of Settlements Level Community Development Plans (CDPs) Phase 2 in Mombasa County
",MLHUD/KISIP/CS/TBD,settlement_project_location,130,388,,,,,0,0,0,0,0,0,0,0,0,0,0,0,200,200,0,0,0,0,0,0,0,0,Access roads,Constructed,AC15,Storm water drainage,Constructed,AC23,Water reticulation pipes,Constructed,AC42,Household water connections,Installed,AC14,Ablution blocks,Constructed,,Floodlights,Installed,AC20,Street lights and power connections,Constructed,AC21,Markets and commercial facilities,Constructed,,Sewer lines,Installed,AC25,Water kiosks,Installed,,Footpaths,Constructed,AC17,Y,
pdo,PDO Tracking Matrix  29-05-2026 NPCT.xlsx,PHASE 1 KILIFI + CLUSTER 2 ,,Mombasa,,Kisumu Ndogo,Phase 2 RFQ,Phase 2 RFQ,IDA,PHASE 1 KILIFI + CLUSTER 2,5,Kisumu Ndogo (Mombasa),settment_09,fuzzy,108,1,,73,Infrastructure upgrading  In Mombasa,KE-MOMBASA COUNTY-394914-CW-RFQ,county_infra_unique,90,,,,,,0,0,0,0,0,0,0,0,0,0,0,0,300,300,0,0,0,,0,0,0,0,Access roads,Constructed,AC15,Storm water drainage,Constructed,AC23,Water reticulation pipes,Constructed,AC42,Household water connections,Installed,AC14,Ablution blocks,Constructed,,Floodlights,Installed,AC20,Street lights and power connections,Constructed,AC21,Markets and commercial facilities,Constructed,,Sewer lines,Installed,AC25,Water kiosks,Installed,,Footpaths,Constructed,AC17,Y,no project_location link
pdo,PDO Tracking Matrix  29-05-2026 NPCT.xlsx,PHASE 1 KILIFI + CLUSTER 2 ,,Mombasa,,Majaoni,Phase 2 RFQ,Phase 2 RFQ,IDA,PHASE 1 KILIFI + CLUSTER 2,768,Majaoni,oBNqKU9XD,exact,100,1,,123,"Development of Settlements Level Community Development Plans (CDPs) Phase 2 in Mombasa County
",MLHUD/KISIP/CS/TBD,settlement_project_location,130,387,,,,,0,0,0,0,0,0,0,0,0,0,0,0,300,300,0,0,,,,,0,,Access roads,Constructed,AC15,Storm water drainage,Constructed,AC23,Water reticulation pipes,Constructed,AC42,Household water connections,Installed,AC14,Ablution blocks,Constructed,,Floodlights,Installed,AC20,Street lights and power connections,Constructed,AC21,Markets and commercial facilities,Constructed,,Sewer lines,Installed,AC25,Water kiosks,Installed,,Footpaths,Constructed,AC17,Y,
pdo,PDO Tracking Matrix  29-05-2026 NPCT.xlsx,PHASE 1 KILIFI + CLUSTER 2 ,,Lamu,,Matondoni,Phase 2 Lot 1,Phase 2 Lot 1,IDA,PHASE 1 KILIFI + CLUSTER 2,188,Matondoni,sett183,exact,100,5,,166,"Survey and Planning In 6 Selected Informal Settlements In Isiolo, Lamu and Kilifi County Cluster 3 Phase IID Lot 9",MLHUD/KISIP/CS/TBD,lot_cluster_fuzzy,37,,,,,,,,0.816,0.816,0,0,0,0,0,0,1,1,0,0,0,0,0.812,0.812,,,,,Access roads,Constructed,AC15,Storm water drainage,Constructed,AC23,Water reticulation pipes,Constructed,AC42,Household water connections,Installed,AC14,Ablution blocks,Constructed,,Floodlights,Installed,AC20,Street lights and power connections,Constructed,AC21,Markets and commercial facilities,Constructed,,Sewer lines,Installed,AC25,Water kiosks,Installed,,Footpaths,Constructed,AC17,Y,no project_location link
pdo,PDO Tracking Matrix  29-05-2026 NPCT.xlsx,PHASE 1 KILIFI + CLUSTER 2 ,,Lamu,,Witu,Phase 2 Lot 2,Phase 2 Lot 2,AFD,PHASE 1 KILIFI + CLUSTER 2,506,Witu,sett575,exact,100,5,,166,"Survey and Planning In 6 Selected Informal Settlements In Isiolo, Lamu and Kilifi County Cluster 3 Phase IID Lot 9",MLHUD/KISIP/CS/TBD,lot_cluster_fuzzy,37,,,,,,,,0.146,0.146,0,0,0,0,0,0,1,1,0,0,0,0,0.854,0.854,,,,,Access roads,Constructed,AC15,Storm water drainage,Constructed,AC23,Water reticulation pipes,Constructed,AC42,Household water connections,Installed,AC14,Ablution blocks,Constructed,,Floodlights,Installed,AC20,Street lights and power connections,Constructed,AC21,Markets and commercial facilities,Constructed,,Sewer lines,Installed,AC25,Water kiosks,Installed,,Footpaths,Constructed,AC17,Y,no project_location link
pdo,PDO Tracking Matrix  29-05-2026 NPCT.xlsx,PHASE 1 KILIFI + CLUSTER 2 ,,Lamu,,Mokowe,Phase 2 Lot 2,Phase 2 Lot 2,AFD,PHASE 1 KILIFI + CLUSTER 2,503,Mokowe,sett574,exact,100,5,,166,"Survey and Planning In 6 Selected Informal Settlements In Isiolo, Lamu and Kilifi County Cluster 3 Phase IID Lot 9",MLHUD/KISIP/CS/TBD,lot_cluster_fuzzy,37,,,,,,1.033,1.033,1.2269999999999999,1.2269999999999999,0,0,0,0,0,0,1,1,0,0,0,0,,,,,,,Access roads,Constructed,AC15,Storm water drainage,Constructed,AC23,Water reticulation pipes,Constructed,AC42,Household water connections,Installed,AC14,Ablution blocks,Constructed,,Floodlights,Installed,AC20,Street lights and power connections,Constructed,AC21,Markets and commercial facilities,Constructed,,Sewer lines,Installed,AC25,Water kiosks,Installed,,Footpaths,Constructed,AC17,Y,no project_location link
pdo,PDO Tracking Matrix  29-05-2026 NPCT.xlsx,PHASE 1 KILIFI + CLUSTER 2 ,,Lamu,,Wiyoni,Phase 2 Lot 2,Phase 2 Lot 2,AFD,PHASE 1 KILIFI + CLUSTER 2,191,Wiyoni,sett186,exact,100,5,,166,"Survey and Planning In 6 Selected Informal Settlements In Isiolo, Lamu and Kilifi County Cluster 3 Phase IID Lot 9",MLHUD/KISIP/CS/TBD,lot_cluster_fuzzy,37,,,,,,,,1.013,1.013,0,0,0,0,0,0,1,1,0,0,0,0,1.013,1.013,,,,,Access roads,Constructed,AC15,Storm water drainage,Constructed,AC23,Water reticulation pipes,Constructed,AC42,Household water connections,Installed,AC14,Ablution blocks,Constructed,,Floodlights,Installed,AC20,Street lights and power connections,Constructed,AC21,Markets and commercial facilities,Constructed,,Sewer lines,Installed,AC25,Water kiosks,Installed,,Footpaths,Constructed,AC17,Y,no project_location link
pdo,PDO Tracking Matrix  29-05-2026 NPCT.xlsx,PHASE 1 KILIFI + CLUSTER 2 ,,Lamu,,Faza,Phase 2 Lot 3,Phase 2 Lot 3,AFD,PHASE 1 KILIFI + CLUSTER 2,184,Faza,sett181,exact,100,5,,166,"Survey and Planning In 6 Selected Informal Settlements In Isiolo, Lamu and Kilifi County Cluster 3 Phase IID Lot 9",MLHUD/KISIP/CS/TBD,lot_cluster_fuzzy,37,,,,,,,,1.823,1.823,0,0,0,0,0,0,1,1,0,0,0,0,1.823,1.823,,,,,Access roads,Constructed,AC15,Storm water drainage,Constructed,AC23,Water reticulation pipes,Constructed,AC42,Household water connections,Installed,AC14,Ablution blocks,Constructed,,Floodlights,Installed,AC20,Street lights and power connections,Constructed,AC21,Markets and commercial facilities,Constructed,,Sewer lines,Installed,AC25,Water kiosks,Installed,,Footpaths,Constructed,AC17,Y,no project_location link
pdo,PDO Tracking Matrix  29-05-2026 NPCT.xlsx,PHASE 1 KILIFI + CLUSTER 2 ,,Lamu,,Kiunga,Phase 2 Lot 3,Phase 2 Lot 3,AFD,PHASE 1 KILIFI + CLUSTER 2,186,Kiunga old town,sett182,fuzzy,108,5,,166,"Survey and Planning In 6 Selected Informal Settlements In Isiolo, Lamu and Kilifi County Cluster 3 Phase IID Lot 9",MLHUD/KISIP/CS/TBD,lot_cluster_fuzzy,37,,,,,,1.15,0,1.15,0,0,0,0,0,0,0,2,0,0,0,0,0,,,,,,,Access roads,Constructed,AC15,Storm water drainage,Constructed,AC23,Water reticulation pipes,Constructed,AC42,Household water connections,Installed,AC14,Ablution blocks,Constructed,,Floodlights,Installed,AC20,Street lights and power connections,Constructed,AC21,Markets and commercial facilities,Constructed,,Sewer lines,Installed,AC25,Water kiosks,Installed,,Footpaths,Constructed,AC17,Y,no project_location link
pdo,PDO Tracking Matrix  29-05-2026 NPCT.xlsx,PHASE 1 KILIFI + CLUSTER 2 ,,Lamu,,"Faza,",Phase 2 RFQ,Phase 2 Lot 3,IDA,PHASE 1 KILIFI + CLUSTER 2,184,Faza,sett181,exact,100,5,,166,"Survey and Planning In 6 Selected Informal Settlements In Isiolo, Lamu and Kilifi County Cluster 3 Phase IID Lot 9",MLHUD/KISIP/CS/TBD,lot_cluster_fuzzy,37,,,,,,0,0,0,0,0,0,0,0,0,0,1,1,0,0,0,0,,,,,,,Access roads,Constructed,AC15,Storm water drainage,Constructed,AC23,Water reticulation pipes,Constructed,AC42,Household water connections,Installed,AC14,Ablution blocks,Constructed,,Floodlights,Installed,AC20,Street lights and power connections,Constructed,AC21,Markets and commercial facilities,Constructed,,Sewer lines,Installed,AC25,Water kiosks,Installed,,Footpaths,Constructed,AC17,Y,contract resolved: Phase 2 Lot 3; no project_location link
pdo,PDO Tracking Matrix  29-05-2026 NPCT.xlsx,PHASE 1 KILIFI + CLUSTER 2 ,,Lamu,,Matondoni,Phase 2 RFQ,Phase 2 Lot 1,IDA,PHASE 1 KILIFI + CLUSTER 2,188,Matondoni,sett183,exact,100,5,,166,"Survey and Planning In 6 Selected Informal Settlements In Isiolo, Lamu and Kilifi County Cluster 3 Phase IID Lot 9",MLHUD/KISIP/CS/TBD,lot_cluster_fuzzy,37,,,,,,0,0,0,0,0,0,0,0,0,0,1,1,0,0,0,0,,,,,,,Access roads,Constructed,AC15,Storm water drainage,Constructed,AC23,Water reticulation pipes,Constructed,AC42,Household water connections,Installed,AC14,Ablution blocks,Constructed,,Floodlights,Installed,AC20,Street lights and power connections,Constructed,AC21,Markets and commercial facilities,Constructed,,Sewer lines,Installed,AC25,Water kiosks,Installed,,Footpaths,Constructed,AC17,Y,contract resolved: Phase 2 Lot 1; no project_location link
pdo,PDO Tracking Matrix  29-05-2026 NPCT.xlsx,PHASE 1 KILIFI + CLUSTER 2 ,,Lamu,,Mokowe,Phase 2 RFQ,Phase 2 Lot 2,IDA,PHASE 1 KILIFI + CLUSTER 2,503,Mokowe,sett574,exact,100,5,,166,"Survey and Planning In 6 Selected Informal Settlements In Isiolo, Lamu and Kilifi County Cluster 3 Phase IID Lot 9",MLHUD/KISIP/CS/TBD,lot_cluster_fuzzy,37,,,,,,0,0,0,0,0,0,0,0,0,0,1,1,0,0,0,0,,,,,,,Access roads,Constructed,AC15,Storm water drainage,Constructed,AC23,Water reticulation pipes,Constructed,AC42,Household water connections,Installed,AC14,Ablution blocks,Constructed,,Floodlights,Installed,AC20,Street lights and power connections,Constructed,AC21,Markets and commercial facilities,Constructed,,Sewer lines,Installed,AC25,Water kiosks,Installed,,Footpaths,Constructed,AC17,Y,contract resolved: Phase 2 Lot 2; no project_location link
pdo,PDO Tracking Matrix  29-05-2026 NPCT.xlsx,PHASE 1 KILIFI + CLUSTER 2 ,,Lamu,,Witu,Phase 2 RFQ,Phase 2 Lot 2,IDA,PHASE 1 KILIFI + CLUSTER 2,506,Witu,sett575,exact,100,5,,166,"Survey and Planning In 6 Selected Informal Settlements In Isiolo, Lamu and Kilifi County Cluster 3 Phase IID Lot 9",MLHUD/KISIP/CS/TBD,lot_cluster_fuzzy,37,,,,,,0,0,0,0,0,0,0,0,0,0,1,1,0,0,0,0,,,,,,,Access roads,Constructed,AC15,Storm water drainage,Constructed,AC23,Water reticulation pipes,Constructed,AC42,Household water connections,Installed,AC14,Ablution blocks,Constructed,,Floodlights,Installed,AC20,Street lights and power connections,Constructed,AC21,Markets and commercial facilities,Constructed,,Sewer lines,Installed,AC25,Water kiosks,Installed,,Footpaths,Constructed,AC17,Y,contract resolved: Phase 2 Lot 2; no project_location link
pdo,PDO Tracking Matrix  29-05-2026 NPCT.xlsx,PHASE 1 KILIFI + CLUSTER 2 ,,Lamu,,Wiyoni,Phase 2 RFQ,Phase 2 Lot 2,IDA,PHASE 1 KILIFI + CLUSTER 2,191,Wiyoni,sett186,exact,100,5,,166,"Survey and Planning In 6 Selected Informal Settlements In Isiolo, Lamu and Kilifi County Cluster 3 Phase IID Lot 9",MLHUD/KISIP/CS/TBD,lot_cluster_fuzzy,37,,,,,,0,0,0,0,0,0,0,0,0,0,1,1,0,0,0,0,,,,,,,Access roads,Constructed,AC15,Storm water drainage,Constructed,AC23,Water reticulation pipes,Constructed,AC42,Household water connections,Installed,AC14,Ablution blocks,Constructed,,Floodlights,Installed,AC20,Street lights and power connections,Constructed,AC21,Markets and commercial facilities,Constructed,,Sewer lines,Installed,AC25,Water kiosks,Installed,,Footpaths,Constructed,AC17,Y,contract resolved: Phase 2 Lot 2; no project_location link
pdo,PDO Tracking Matrix  29-05-2026 NPCT.xlsx,PHASE 1 KILIFI + CLUSTER 2 ,,Kwale,,Kombani,Phase 2 RFB,Phase 2 RFB,AFD,PHASE 1 KILIFI + CLUSTER 2,185,Kombani,sett180,exact,100,2,,64,Infrastructure upgrading  In Kwale  ,KE-KWALE COUNTY-405086-CW-RFB,county_infra_unique,90,,,,,,2.164,2.164,2.26,2.26,0,0,0,0,0,0,0,0,0,0,0,0,,,,,,,Access roads,Constructed,AC15,Storm water drainage,Constructed,AC23,Water reticulation pipes,Constructed,AC42,Household water connections,Installed,AC14,Ablution blocks,Constructed,,Floodlights,Installed,AC20,Street lights and power connections,Constructed,AC21,Markets and commercial facilities,Constructed,,Sewer lines,Installed,AC25,Water kiosks,Installed,,Footpaths,Constructed,AC17,Y,no project_location link
pdo,PDO Tracking Matrix  29-05-2026 NPCT.xlsx,PHASE 1 KILIFI + CLUSTER 2 ,,Kwale,,Kombani,Phase 2 RFQ,Phase 2 RFQ,IDA,PHASE 1 KILIFI + CLUSTER 2,185,Kombani,sett180,exact,100,2,,64,Infrastructure upgrading  In Kwale  ,KE-KWALE COUNTY-405086-CW-RFB,county_infra_unique,90,,,,,,0,0,0,0,0,0,0,0,0,0,5,5,70,70,0,0,,,,,,,Access roads,Constructed,AC15,Storm water drainage,Constructed,AC23,Water reticulation pipes,Constructed,AC42,Household water connections,Installed,AC14,Ablution blocks,Constructed,,Floodlights,Installed,AC20,Street lights and power connections,Constructed,AC21,Markets and commercial facilities,Constructed,,Sewer lines,Installed,AC25,Water kiosks,Installed,,Footpaths,Constructed,AC17,Y,no project_location link
pdo,PDO Tracking Matrix  29-05-2026 NPCT.xlsx,PHASE 1 KILIFI + CLUSTER 2 ,,Taita Taveta,,Aseko/Mlekenyi,Phase 2 RFB,Phase 2 RFB,AFD,PHASE 1 KILIFI + CLUSTER 2,1296,Mlekenyi,VoiMle01,exact,100,6,,66,Infrastructure upgrading  In Taita Taveta,KE-TAITA TAVETA COUNTY-406917-CW-RFB,county_infra_unique,90,,,,,,1.117,1.117,1.117,0,0,0,0,0,0,0,,0,0,0,0,0,,,,,,,Access roads,Constructed,AC15,Storm water drainage,Constructed,AC23,Water reticulation pipes,Constructed,AC42,Household water connections,Installed,AC14,Ablution blocks,Constructed,,Floodlights,Installed,AC20,Street lights and power connections,Constructed,AC21,Markets and commercial facilities,Constructed,,Sewer lines,Installed,AC25,Water kiosks,Installed,,Footpaths,Constructed,AC17,Y,no project_location link
pdo,PDO Tracking Matrix  29-05-2026 NPCT.xlsx,PHASE 1 KILIFI + CLUSTER 2 ,,Taita Taveta,,Upper Kariokor,Phase 2 RFB,Phase 2 RFB,AFD,PHASE 1 KILIFI + CLUSTER 2,236,Upper Kariokor,sett251,exact,100,6,,66,Infrastructure upgrading  In Taita Taveta,KE-TAITA TAVETA COUNTY-406917-CW-RFB,county_infra_unique,90,,,,,,1.294,1.294,1.294,0.624,0,0,0,0,0,0,,0,0,0,0,0,,,,,,,Access roads,Constructed,AC15,Storm water drainage,Constructed,AC23,Water reticulation pipes,Constructed,AC42,Household water connections,Installed,AC14,Ablution blocks,Constructed,,Floodlights,Installed,AC20,Street lights and power connections,Constructed,AC21,Markets and commercial facilities,Constructed,,Sewer lines,Installed,AC25,Water kiosks,Installed,,Footpaths,Constructed,AC17,Y,no project_location link
pdo,PDO Tracking Matrix  29-05-2026 NPCT.xlsx,PHASE 1 KILIFI + CLUSTER 2 ,,Taita Taveta,,Aseko/Mlekenyi,Phase 2 RFQ,Phase 2 RFQ,IDA,PHASE 1 KILIFI + CLUSTER 2,1296,Mlekenyi,VoiMle01,exact,100,6,,66,Infrastructure upgrading  In Taita Taveta,KE-TAITA TAVETA COUNTY-406917-CW-RFB,county_infra_unique,90,,,,,,0,0,0,0,0,0,0,0,0,0,4,4,0,0,0,0,,,,,,,Access roads,Constructed,AC15,Storm water drainage,Constructed,AC23,Water reticulation pipes,Constructed,AC42,Household water connections,Installed,AC14,Ablution blocks,Constructed,,Floodlights,Installed,AC20,Street lights and power connections,Constructed,AC21,Markets and commercial facilities,Constructed,,Sewer lines,Installed,AC25,Water kiosks,Installed,,Footpaths,Constructed,AC17,Y,no project_location link
pdo,PDO Tracking Matrix  29-05-2026 NPCT.xlsx,PHASE 1 KILIFI + CLUSTER 2 ,,Taita Taveta,,Upper Kariokor,Phase 2 RFQ,Phase 2 RFQ,IDA,PHASE 1 KILIFI + CLUSTER 2,236,Upper Kariokor,sett251,exact,100,6,,66,Infrastructure upgrading  In Taita Taveta,KE-TAITA TAVETA COUNTY-406917-CW-RFB,county_infra_unique,90,,,,,,0,0,0,0,0,0,0,0,0,0,1,1,0,0,0,0,,,,,,,Access roads,Constructed,AC15,Storm water drainage,Constructed,AC23,Water reticulation pipes,Constructed,AC42,Household water connections,Installed,AC14,Ablution blocks,Constructed,,Floodlights,Installed,AC20,Street lights and power connections,Constructed,AC21,Markets and commercial facilities,Constructed,,Sewer lines,Installed,AC25,Water kiosks,Installed,,Footpaths,Constructed,AC17,Y,no project_location link
pdo,PDO Tracking Matrix  29-05-2026 NPCT.xlsx,CLUSTER 3,,Homa Bay,,1000 Street,Phase 2 Lot 1 RFB,Phase 2 Lot 1 RFB,IDA,CLUSTER 3,648,A Thousand street ,sett742,fuzzy,79,43,,155,"Survey and Planning In Selected Informal Setlements In West Pokot, Trans nzoia, Bungoma, Homa Bay County Cluster 3 Phase I Lot 5",MLHUD/KISIP/CS/TBD,lot_cluster_fuzzy,37,,,,,,1.46,0,2.093,0,0,0,0,0,0,0,2,0,62,0,0,0,0,0,0,0,0,0,Access roads,Constructed,AC15,Storm water drainage,Constructed,AC23,Water reticulation pipes,Constructed,AC42,Household water connections,Installed,AC14,Ablution blocks,Constructed,,Floodlights,Installed,AC20,Street lights and power connections,Constructed,AC21,Markets and commercial facilities,Constructed,,Sewer lines,Installed,AC25,Water kiosks,Installed,,Footpaths,Constructed,AC17,Y,no project_location link
pdo,PDO Tracking Matrix  29-05-2026 NPCT.xlsx,CLUSTER 3,,Homa Bay,,Makongeni,Phase 2 Lot 1 RFB,Phase 2 Lot 1 RFB,IDA,CLUSTER 3,1714,Makongeni ,71So8vJt6,exact,100,43,,155,"Survey and Planning In Selected Informal Setlements In West Pokot, Trans nzoia, Bungoma, Homa Bay County Cluster 3 Phase I Lot 5",MLHUD/KISIP/CS/TBD,lot_cluster_fuzzy,37,,,,,,2.218,0,3.96,0,0,0,0,0,0,0,1,0,80,0,0,0,0,0,0,0,0,0,Access roads,Constructed,AC15,Storm water drainage,Constructed,AC23,Water reticulation pipes,Constructed,AC42,Household water connections,Installed,AC14,Ablution blocks,Constructed,,Floodlights,Installed,AC20,Street lights and power connections,Constructed,AC21,Markets and commercial facilities,Constructed,,Sewer lines,Installed,AC25,Water kiosks,Installed,,Footpaths,Constructed,AC17,Y,no project_location link
pdo,PDO Tracking Matrix  29-05-2026 NPCT.xlsx,CLUSTER 3,,Homa Bay,,Shauri Yako,Phase 2 Lot 1 RFB,Phase 2 Lot 1 RFB,IDA,CLUSTER 3,130,Shauri Yako,sett580,exact,100,43,,155,"Survey and Planning In Selected Informal Setlements In West Pokot, Trans nzoia, Bungoma, Homa Bay County Cluster 3 Phase I Lot 5",MLHUD/KISIP/CS/TBD,lot_cluster_fuzzy,37,,,,,,1.502,1.502,1.502,1.502,0,0,0,0,0,0,3,0,56,0,0,0,0,0,0,0,0,0,Access roads,Constructed,AC15,Storm water drainage,Constructed,AC23,Water reticulation pipes,Constructed,AC42,Household water connections,Installed,AC14,Ablution blocks,Constructed,,Floodlights,Installed,AC20,Street lights and power connections,Constructed,AC21,Markets and commercial facilities,Constructed,,Sewer lines,Installed,AC25,Water kiosks,Installed,,Footpaths,Constructed,AC17,Y,no project_location link
pdo,PDO Tracking Matrix  29-05-2026 NPCT.xlsx,CLUSTER 3,,Homa Bay,,Sofia,Phase 2 Lot 1 RFB,Phase 2 Lot 1 RFB,IDA,CLUSTER 3,131,Sofia,sett579,exact,100,43,,155,"Survey and Planning In Selected Informal Setlements In West Pokot, Trans nzoia, Bungoma, Homa Bay County Cluster 3 Phase I Lot 5",MLHUD/KISIP/CS/TBD,lot_cluster_fuzzy,37,,,,,,1.84,1.5,3.36,0,0,0,0,0,0,0,1,0,73,0,0,0,0,0,0,0,0,0,Access roads,Constructed,AC15,Storm water drainage,Constructed,AC23,Water reticulation pipes,Constructed,AC42,Household water connections,Installed,AC14,Ablution blocks,Constructed,,Floodlights,Installed,AC20,Street lights and power connections,Constructed,AC21,Markets and commercial facilities,Constructed,,Sewer lines,Installed,AC25,Water kiosks,Installed,,Footpaths,Constructed,AC17,Y,no project_location link
pdo,PDO Tracking Matrix  29-05-2026 NPCT.xlsx,CLUSTER 3,,Homa Bay,,Rusinga,Phase 2 Lot 1 RFB,Phase 2 Lot 1 RFB,IDA,CLUSTER 3,124,Litare Rusinga settlement,sett114,fuzzy,108,43,,155,"Survey and Planning In Selected Informal Setlements In West Pokot, Trans nzoia, Bungoma, Homa Bay County Cluster 3 Phase I Lot 5",MLHUD/KISIP/CS/TBD,settlement_project_location,130,552,,,,,1.915,1.915,3.052,0,0,0,0,0,0,0,1,0,75,0,0,0,0,0,0,0,0,0,Access roads,Constructed,AC15,Storm water drainage,Constructed,AC23,Water reticulation pipes,Constructed,AC42,Household water connections,Installed,AC14,Ablution blocks,Constructed,,Floodlights,Installed,AC20,Street lights and power connections,Constructed,AC21,Markets and commercial facilities,Constructed,,Sewer lines,Installed,AC25,Water kiosks,Installed,,Footpaths,Constructed,AC17,Y,
pdo,PDO Tracking Matrix  29-05-2026 NPCT.xlsx,CLUSTER 3,,Homa Bay,,Nyandiwa,Phase 2 Lot 1 RFB,Phase 2 Lot 1 RFB,IDA,CLUSTER 3,517,Nyandiwa ,sett588,exact,100,43,,155,"Survey and Planning In Selected Informal Setlements In West Pokot, Trans nzoia, Bungoma, Homa Bay County Cluster 3 Phase I Lot 5",MLHUD/KISIP/CS/TBD,lot_cluster_fuzzy,37,,,,,,2.485,2.485,4.97,0,0,0,0,0,1,0,0,0,90,0,1,1,0,0,0,0,0,0,Access roads,Constructed,AC15,Storm water drainage,Constructed,AC23,Water reticulation pipes,Constructed,AC42,Household water connections,Installed,AC14,Ablution blocks,Constructed,,Floodlights,Installed,AC20,Street lights and power connections,Constructed,AC21,Markets and commercial facilities,Constructed,,Sewer lines,Installed,AC25,Water kiosks,Installed,,Footpaths,Constructed,AC17,Y,no project_location link
pdo,PDO Tracking Matrix  29-05-2026 NPCT.xlsx,CLUSTER 3,,Homa Bay,,1000 Street,Phase 2 Lot 2 RFB,Phase 2 Lot 2 RFB,AFD,CLUSTER 3,648,A Thousand street ,sett742,fuzzy,79,43,,155,"Survey and Planning In Selected Informal Setlements In West Pokot, Trans nzoia, Bungoma, Homa Bay County Cluster 3 Phase I Lot 5",MLHUD/KISIP/CS/TBD,lot_cluster_fuzzy,37,,,,,,0,0,0,0,0,0,0,0,0,0,2,0,58,0,0,0,2.093,0,0,0,0,0,Access roads,Constructed,AC15,Storm water drainage,Constructed,AC23,Water reticulation pipes,Constructed,AC42,Household water connections,Installed,AC14,Ablution blocks,Constructed,,Floodlights,Installed,AC20,Street lights and power connections,Constructed,AC21,Markets and commercial facilities,Constructed,,Sewer lines,Installed,AC25,Water kiosks,Installed,,Footpaths,Constructed,AC17,Y,no project_location link
pdo,PDO Tracking Matrix  29-05-2026 NPCT.xlsx,CLUSTER 3,,Homa Bay,,Makongeni,Phase 2 Lot 2 RFB,Phase 2 Lot 2 RFB,AFD,CLUSTER 3,1714,Makongeni ,71So8vJt6,exact,100,43,,155,"Survey and Planning In Selected Informal Setlements In West Pokot, Trans nzoia, Bungoma, Homa Bay County Cluster 3 Phase I Lot 5",MLHUD/KISIP/CS/TBD,lot_cluster_fuzzy,37,,,,,,0,0,0,0,0,0,0,0,0,0,1,0,79,0,0,0,3.96,0,0,0,0,0,Access roads,Constructed,AC15,Storm water drainage,Constructed,AC23,Water reticulation pipes,Constructed,AC42,Household water connections,Installed,AC14,Ablution blocks,Constructed,,Floodlights,Installed,AC20,Street lights and power connections,Constructed,AC21,Markets and commercial facilities,Constructed,,Sewer lines,Installed,AC25,Water kiosks,Installed,,Footpaths,Constructed,AC17,Y,no project_location link
pdo,PDO Tracking Matrix  29-05-2026 NPCT.xlsx,CLUSTER 3,,Homa Bay,,Shauri Yako,Phase 2 Lot 2 RFB,Phase 2 Lot 2 RFB,AFD,CLUSTER 3,130,Shauri Yako,sett580,exact,100,43,,155,"Survey and Planning In Selected Informal Setlements In West Pokot, Trans nzoia, Bungoma, Homa Bay County Cluster 3 Phase I Lot 5",MLHUD/KISIP/CS/TBD,lot_cluster_fuzzy,37,,,,,,0,0,2.006,0,0,0,0,0,2,0,3,0,56,0,1,0,4.63,0,0,0,0,0,Access roads,Constructed,AC15,Storm water drainage,Constructed,AC23,Water reticulation pipes,Constructed,AC42,Household water connections,Installed,AC14,Ablution blocks,Constructed,,Floodlights,Installed,AC20,Street lights and power connections,Constructed,AC21,Markets and commercial facilities,Constructed,,Sewer lines,Installed,AC25,Water kiosks,Installed,,Footpaths,Constructed,AC17,Y,no project_location link
pdo,PDO Tracking Matrix  29-05-2026 NPCT.xlsx,CLUSTER 3,,Homa Bay,,Sofia,Phase 2 Lot 2 RFB,Phase 2 Lot 2 RFB,AFD,CLUSTER 3,131,Sofia,sett579,exact,100,43,,155,"Survey and Planning In Selected Informal Setlements In West Pokot, Trans nzoia, Bungoma, Homa Bay County Cluster 3 Phase I Lot 5",MLHUD/KISIP/CS/TBD,lot_cluster_fuzzy,37,,,,,,0,0,0,0,0,0,0,0,0,0,1,0,66,0,0,0,3.36,0,0,0,0,0,Access roads,Constructed,AC15,Storm water drainage,Constructed,AC23,Water reticulation pipes,Constructed,AC42,Household water connections,Installed,AC14,Ablution blocks,Constructed,,Floodlights,Installed,AC20,Street lights and power connections,Constructed,AC21,Markets and commercial facilities,Constructed,,Sewer lines,Installed,AC25,Water kiosks,Installed,,Footpaths,Constructed,AC17,Y,no project_location link
pdo,PDO Tracking Matrix  29-05-2026 NPCT.xlsx,CLUSTER 3,,Homa Bay,,Rusinga,Phase 2 Lot 2 RFB,Phase 2 Lot 2 RFB,AFD,CLUSTER 3,124,Litare Rusinga settlement,sett114,fuzzy,108,43,,155,"Survey and Planning In Selected Informal Setlements In West Pokot, Trans nzoia, Bungoma, Homa Bay County Cluster 3 Phase I Lot 5",MLHUD/KISIP/CS/TBD,settlement_project_location,130,552,,,,,0,0,0,0,0.708,0,0,0,1,0,2,0,71,0,0,0,3.052,0,0,0,0,0,Access roads,Constructed,AC15,Storm water drainage,Constructed,AC23,Water reticulation pipes,Constructed,AC42,Household water connections,Installed,AC14,Ablution blocks,Constructed,,Floodlights,Installed,AC20,Street lights and power connections,Constructed,AC21,Markets and commercial facilities,Constructed,,Sewer lines,Installed,AC25,Water kiosks,Installed,,Footpaths,Constructed,AC17,Y,
pdo,PDO Tracking Matrix  29-05-2026 NPCT.xlsx,CLUSTER 3,,Homa Bay,,Nyandiwa,Phase 2 Lot 2 RFB,Phase 2 Lot 2 RFB,AFD,CLUSTER 3,517,Nyandiwa ,sett588,exact,100,43,,155,"Survey and Planning In Selected Informal Setlements In West Pokot, Trans nzoia, Bungoma, Homa Bay County Cluster 3 Phase I Lot 5",MLHUD/KISIP/CS/TBD,lot_cluster_fuzzy,37,,,,,,0,0,0,0,0,0,0,0,0,0,3,0,90,0,1,0,4.97,0,0,0,0,0,Access roads,Constructed,AC15,Storm water drainage,Constructed,AC23,Water reticulation pipes,Constructed,AC42,Household water connections,Installed,AC14,Ablution blocks,Constructed,,Floodlights,Installed,AC20,Street lights and power connections,Constructed,AC21,Markets and commercial facilities,Constructed,,Sewer lines,Installed,AC25,Water kiosks,Installed,,Footpaths,Constructed,AC17,Y,no project_location link
pdo,PDO Tracking Matrix  29-05-2026 NPCT.xlsx,CLUSTER 3,,Homa Bay,,Rusinga,Phase 2 RFQ,Phase 2 Lot 2 RFB,IDA,CLUSTER 3,124,Litare Rusinga settlement,sett114,fuzzy,108,43,,155,"Survey and Planning In Selected Informal Setlements In West Pokot, Trans nzoia, Bungoma, Homa Bay County Cluster 3 Phase I Lot 5",MLHUD/KISIP/CS/TBD,settlement_project_location,130,552,,,,,0,0,0,0,0,0,0,0,0,0,1,1,0,0,0,0,0,0,0,0,0,0,Access roads,Constructed,AC15,Storm water drainage,Constructed,AC23,Water reticulation pipes,Constructed,AC42,Household water connections,Installed,AC14,Ablution blocks,Constructed,,Floodlights,Installed,AC20,Street lights and power connections,Constructed,AC21,Markets and commercial facilities,Constructed,,Sewer lines,Installed,AC25,Water kiosks,Installed,,Footpaths,Constructed,AC17,Y,contract resolved: Phase 2 Lot 2 RFB
pdo,PDO Tracking Matrix  29-05-2026 NPCT.xlsx,CLUSTER 3,,Homa Bay,,Makongeni,Phase 2 RFQ,Phase 2 Lot 2 RFB,IDA,CLUSTER 3,1714,Makongeni ,71So8vJt6,exact,100,43,,155,"Survey and Planning In Selected Informal Setlements In West Pokot, Trans nzoia, Bungoma, Homa Bay County Cluster 3 Phase I Lot 5",MLHUD/KISIP/CS/TBD,lot_cluster_fuzzy,37,,,,,,0,0,0,0,0,0,0,0,0,0,1,1,0,0,0,0,0,0,0,0,0,0,Access roads,Constructed,AC15,Storm water drainage,Constructed,AC23,Water reticulation pipes,Constructed,AC42,Household water connections,Installed,AC14,Ablution blocks,Constructed,,Floodlights,Installed,AC20,Street lights and power connections,Constructed,AC21,Markets and commercial facilities,Constructed,,Sewer lines,Installed,AC25,Water kiosks,Installed,,Footpaths,Constructed,AC17,Y,contract resolved: Phase 2 Lot 2 RFB; no project_location link
pdo,PDO Tracking Matrix  29-05-2026 NPCT.xlsx,CLUSTER 3,,Homa Bay,,Nyandiwa,Phase 2 RFQ,Phase 2 Lot 2 RFB,IDA,CLUSTER 3,517,Nyandiwa ,sett588,exact,100,43,,155,"Survey and Planning In Selected Informal Setlements In West Pokot, Trans nzoia, Bungoma, Homa Bay County Cluster 3 Phase I Lot 5",MLHUD/KISIP/CS/TBD,lot_cluster_fuzzy,37,,,,,,0,0,0,0,0,0,0,0,0,0,1,1,0,0,0,0,0,0,0,0,0,0,Access roads,Constructed,AC15,Storm water drainage,Constructed,AC23,Water reticulation pipes,Constructed,AC42,Household water connections,Installed,AC14,Ablution blocks,Constructed,,Floodlights,Installed,AC20,Street lights and power connections,Constructed,AC21,Markets and commercial facilities,Constructed,,Sewer lines,Installed,AC25,Water kiosks,Installed,,Footpaths,Constructed,AC17,Y,contract resolved: Phase 2 Lot 2 RFB; no project_location link
pdo,PDO Tracking Matrix  29-05-2026 NPCT.xlsx,CLUSTER 3,,Homa Bay,,1000 Street,Phase 2 RFQ,Phase 2 Lot 2 RFB,IDA,CLUSTER 3,648,A Thousand street ,sett742,fuzzy,79,43,,155,"Survey and Planning In Selected Informal Setlements In West Pokot, Trans nzoia, Bungoma, Homa Bay County Cluster 3 Phase I Lot 5",MLHUD/KISIP/CS/TBD,lot_cluster_fuzzy,37,,,,,,0,0,0,0,0,0,0,0,0,0,1,1,0,0,0,0,0,0,0,0,0,0,Access roads,Constructed,AC15,Storm water drainage,Constructed,AC23,Water reticulation pipes,Constructed,AC42,Household water connections,Installed,AC14,Ablution blocks,Constructed,,Floodlights,Installed,AC20,Street lights and power connections,Constructed,AC21,Markets and commercial facilities,Constructed,,Sewer lines,Installed,AC25,Water kiosks,Installed,,Footpaths,Constructed,AC17,Y,contract resolved: Phase 2 Lot 2 RFB; no project_location link
pdo,PDO Tracking Matrix  29-05-2026 NPCT.xlsx,CLUSTER 3,,Nandi,,Mosoriot,Phase 2 RFB,Phase 2 RFB,IDA,CLUSTER 3,225,Mosoriot,sett234,exact,100,29,,57,Infrastructure upgrading  In Nandi,KE-NANDI COUNTY-400757-CW-RFB,county_infra_unique,90,,,,,,2.4,2.4,3.9,3.9,0,0,0,0,1,1,2,2,32,0,0,0,3.5,3.5,0,0,0,0,Access roads,Constructed,AC15,Storm water drainage,Constructed,AC23,Water reticulation pipes,Constructed,AC42,Household water connections,Installed,AC14,Ablution blocks,Constructed,,Floodlights,Installed,AC20,Street lights and power connections,Constructed,AC21,Markets and commercial facilities,Constructed,,Sewer lines,Installed,AC25,Water kiosks,Installed,,Footpaths,Constructed,AC17,Y,no project_location link
pdo,PDO Tracking Matrix  29-05-2026 NPCT.xlsx,CLUSTER 3,,Nandi,,Mosoriot,Phase 2 RFQ,Phase 2 RFQ,IDA,CLUSTER 3,225,Mosoriot,sett234,exact,100,29,,57,Infrastructure upgrading  In Nandi,KE-NANDI COUNTY-400757-CW-RFB,county_infra_unique,90,,,,,,0,0,0,0,0,0,0,0,0,0,3,3,0,0,35,35,0,0,0,0,0,0,Access roads,Constructed,AC15,Storm water drainage,Constructed,AC23,Water reticulation pipes,Constructed,AC42,Household water connections,Installed,AC14,Ablution blocks,Constructed,,Floodlights,Installed,AC20,Street lights and power connections,Constructed,AC21,Markets and commercial facilities,Constructed,,Sewer lines,Installed,AC25,Water kiosks,Installed,,Footpaths,Constructed,AC17,Y,no project_location link
pdo,PDO Tracking Matrix  29-05-2026 NPCT.xlsx,CLUSTER 3,,Nyamira,,Keroka Block 'B',Phase 2 RFB,Phase 2 RFB,IDA,CLUSTER 3,842,Keroka block B,1iKA8mUjez2nviZrUQ93kF,exact,100,46,,56,Infrastructure upgrading  In Nyamira ,KE-NYAMIRA COUNTY-401162-CW-RFB,county_infra_unique,90,,,,,,1.515,1.515,2.3,1.68,0.93,0,63,0,1,1,2,0,0,0,2,0,2.3,1.5,0,0,0,0,Access roads,Constructed,AC15,Storm water drainage,Constructed,AC23,Water reticulation pipes,Constructed,AC42,Household water connections,Installed,AC14,Ablution blocks,Constructed,,Floodlights,Installed,AC20,Street lights and power connections,Constructed,AC21,Markets and commercial facilities,Constructed,,Sewer lines,Installed,AC25,Water kiosks,Installed,,Footpaths,Constructed,AC17,Y,no project_location link
pdo,PDO Tracking Matrix  29-05-2026 NPCT.xlsx,CLUSTER 3,,Nyamira,,Keroka Block 'B',Phase 2 RFQ,Phase 2 RFQ,IDA,CLUSTER 3,842,Keroka block B,1iKA8mUjez2nviZrUQ93kF,exact,100,46,,56,Infrastructure upgrading  In Nyamira ,KE-NYAMIRA COUNTY-401162-CW-RFB,county_infra_unique,90,,,,,,0,0,0,0,0,0,0,0,0,0,0,0,25,19,2,0,0,0,0,0,0,0,Access roads,Constructed,AC15,Storm water drainage,Constructed,AC23,Water reticulation pipes,Constructed,AC42,Household water connections,Installed,AC14,Ablution blocks,Constructed,,Floodlights,Installed,AC20,Street lights and power connections,Constructed,AC21,Markets and commercial facilities,Constructed,,Sewer lines,Installed,AC25,Water kiosks,Installed,,Footpaths,Constructed,AC17,Y,no project_location link
pdo,PDO Tracking Matrix  29-05-2026 NPCT.xlsx,CLUSTER 3,,Uasin Gishu,,Maili Nne,Phase 2 RFB,Phase 2 RFB,IDA,CLUSTER 3,58,Maili Nne,settment_69,exact,100,27,,53,Infrastructure upgrading  In Uasin Gishu  ,KE-UASIN GISHU COUNTY-397277-CW-RFB,settlement_project_location,130,306,,,,,3.88,3.88,5.918,5.918,0,0,0,0,0,0,1,0,0,0,0,0,5.918,5.918,,,,,Access roads,Constructed,AC15,Storm water drainage,Constructed,AC23,Water reticulation pipes,Constructed,AC42,Household water connections,Installed,AC14,Ablution blocks,Constructed,,Floodlights,Installed,AC20,Street lights and power connections,Constructed,AC21,Markets and commercial facilities,Constructed,,Sewer lines,Installed,AC25,Water kiosks,Installed,,Footpaths,Constructed,AC17,Y,
pdo,PDO Tracking Matrix  29-05-2026 NPCT.xlsx,CLUSTER 3,,Uasin Gishu,,Mwanzo,Phase 2 RFB,Phase 2 RFB,IDA,CLUSTER 3,266,Mwanzo Site & Service,sett282,fuzzy,108,27,,53,Infrastructure upgrading  In Uasin Gishu  ,KE-UASIN GISHU COUNTY-397277-CW-RFB,settlement_project_location,130,305,,,,,3.5,3.5,6.7,6.7,0,0,0,0,1,1,1,1,0,0,0,0,6.7,6.7,,,,,Access roads,Constructed,AC15,Storm water drainage,Constructed,AC23,Water reticulation pipes,Constructed,AC42,Household water connections,Installed,AC14,Ablution blocks,Constructed,,Floodlights,Installed,AC20,Street lights and power connections,Constructed,AC21,Markets and commercial facilities,Constructed,,Sewer lines,Installed,AC25,Water kiosks,Installed,,Footpaths,Constructed,AC17,Y,
pdo,PDO Tracking Matrix  29-05-2026 NPCT.xlsx,CLUSTER 3,,Uasin Gishu,,Kipkaren,Phase 2 RFB,Phase 2 RFB,IDA,CLUSTER 3,264,Kipkaren  Site & Service,sett280,fuzzy,108,27,,53,Infrastructure upgrading  In Uasin Gishu  ,KE-UASIN GISHU COUNTY-397277-CW-RFB,settlement_project_location,130,307,,,,,2.55,2.55,4.451,4.451,0,0,0,0,2,2,3,3,0,,0,0,4.451,4.451,,,,,Access roads,Constructed,AC15,Storm water drainage,Constructed,AC23,Water reticulation pipes,Constructed,AC42,Household water connections,Installed,AC14,Ablution blocks,Constructed,,Floodlights,Installed,AC20,Street lights and power connections,Constructed,AC21,Markets and commercial facilities,Constructed,,Sewer lines,Installed,AC25,Water kiosks,Installed,,Footpaths,Constructed,AC17,Y,
pdo,PDO Tracking Matrix  29-05-2026 NPCT.xlsx,CLUSTER 3,,Uasin Gishu,,Shauri,Phase 2 RFB,Phase 2 RFB,IDA,CLUSTER 3,685,Shauri Moyo,sett782,fuzzy,108,27,,53,Infrastructure upgrading  In Uasin Gishu  ,KE-UASIN GISHU COUNTY-397277-CW-RFB,settlement_project_location,130,308,,,,,1.23,1.23,1.56,1.56,0,0,0,0,1,1,0,0,30,26,0,0,1.56,1.56,,,,,Access roads,Constructed,AC15,Storm water drainage,Constructed,AC23,Water reticulation pipes,Constructed,AC42,Household water connections,Installed,AC14,Ablution blocks,Constructed,,Floodlights,Installed,AC20,Street lights and power connections,Constructed,AC21,Markets and commercial facilities,Constructed,,Sewer lines,Installed,AC25,Water kiosks,Installed,,Footpaths,Constructed,AC17,Y,
pdo,PDO Tracking Matrix  29-05-2026 NPCT.xlsx,CLUSTER 3,,Uasin Gishu,,Segero,Phase 2 RFB,Phase 2 RFB,IDA,CLUSTER 3,862,Segero,wqJzTJQgT939BtPHVA7GRf,exact,100,27,,53,Infrastructure upgrading  In Uasin Gishu  ,KE-UASIN GISHU COUNTY-397277-CW-RFB,settlement_project_location,130,309,,,,,0.97,0.97,1.532,1.94,0,0,0,0,0,0,0,0,40,25,0,0,1.6,1.6,,,,,Access roads,Constructed,AC15,Storm water drainage,Constructed,AC23,Water reticulation pipes,Constructed,AC42,Household water connections,Installed,AC14,Ablution blocks,Constructed,,Floodlights,Installed,AC20,Street lights and power connections,Constructed,AC21,Markets and commercial facilities,Constructed,,Sewer lines,Installed,AC25,Water kiosks,Installed,,Footpaths,Constructed,AC17,Y,
pdo,PDO Tracking Matrix  29-05-2026 NPCT.xlsx,CLUSTER 3,,Uasin Gishu,,KK,Phase 2 RFB,Phase 2 RFB,IDA,CLUSTER 3,1485,KK,DypnkUqZ8,exact,100,27,,53,Infrastructure upgrading  In Uasin Gishu  ,KE-UASIN GISHU COUNTY-397277-CW-RFB,settlement_project_location,130,742,,,,,0.39,0.39,0.776,0.78,0,0,0,0,1,0,0,1,0,14,0,0,0.66,0.66,,,,,Access roads,Constructed,AC15,Storm water drainage,Constructed,AC23,Water reticulation pipes,Constructed,AC42,Household water connections,Installed,AC14,Ablution blocks,Constructed,,Floodlights,Installed,AC20,Street lights and power connections,Constructed,AC21,Markets and commercial facilities,Constructed,,Sewer lines,Installed,AC25,Water kiosks,Installed,,Footpaths,Constructed,AC17,Y,
pdo,PDO Tracking Matrix  29-05-2026 NPCT.xlsx,CLUSTER 3,,Uasin Gishu,,Kasarani,Phase 2 RFB,Phase 2 RFB,IDA,CLUSTER 3,864,Kasarani ,dNW1GDaf21eqhp3bMj8ykF,exact,100,27,,53,Infrastructure upgrading  In Uasin Gishu  ,KE-UASIN GISHU COUNTY-397277-CW-RFB,settlement_project_location,130,741,,,,,0.8,0.8,1.6,1.6,0,0,0,0,0,0,0,0,0,14,0,0,1.6,1.6,,,,,Access roads,Constructed,AC15,Storm water drainage,Constructed,AC23,Water reticulation pipes,Constructed,AC42,Household water connections,Installed,AC14,Ablution blocks,Constructed,,Floodlights,Installed,AC20,Street lights and power connections,Constructed,AC21,Markets and commercial facilities,Constructed,,Sewer lines,Installed,AC25,Water kiosks,Installed,,Footpaths,Constructed,AC17,Y,
pdo,PDO Tracking Matrix  29-05-2026 NPCT.xlsx,CLUSTER 3,,Uasin Gishu,,Maili Nne,Phase 2 RFQ,Phase 2 RFQ,IDA,CLUSTER 3,58,Maili Nne,settment_69,exact,100,27,,53,Infrastructure upgrading  In Uasin Gishu  ,KE-UASIN GISHU COUNTY-397277-CW-RFB,settlement_project_location,130,306,,,,,0,0,0,0,0,0,0,0,0,0,3,3,0,0,0,0,,,,,,,Access roads,Constructed,AC15,Storm water drainage,Constructed,AC23,Water reticulation pipes,Constructed,AC42,Household water connections,Installed,AC14,Ablution blocks,Constructed,,Floodlights,Installed,AC20,Street lights and power connections,Constructed,AC21,Markets and commercial facilities,Constructed,,Sewer lines,Installed,AC25,Water kiosks,Installed,,Footpaths,Constructed,AC17,Y,
pdo,PDO Tracking Matrix  29-05-2026 NPCT.xlsx,CLUSTER 3,,Uasin Gishu,,Mwanzo,Phase 2 RFQ,Phase 2 RFQ,IDA,CLUSTER 3,266,Mwanzo Site & Service,sett282,fuzzy,108,27,,53,Infrastructure upgrading  In Uasin Gishu  ,KE-UASIN GISHU COUNTY-397277-CW-RFB,settlement_project_location,130,305,,,,,0,0,0,0,0,0,0,0,0,0,2,2,0,0,0,0,,,,,,,Access roads,Constructed,AC15,Storm water drainage,Constructed,AC23,Water reticulation pipes,Constructed,AC42,Household water connections,Installed,AC14,Ablution blocks,Constructed,,Floodlights,Installed,AC20,Street lights and power connections,Constructed,AC21,Markets and commercial facilities,Constructed,,Sewer lines,Installed,AC25,Water kiosks,Installed,,Footpaths,Constructed,AC17,Y,
pdo,PDO Tracking Matrix  29-05-2026 NPCT.xlsx,CLUSTER 3,,Uasin Gishu,,Kipkaren,Phase 2 RFQ,Phase 2 RFQ,IDA,CLUSTER 3,264,Kipkaren  Site & Service,sett280,fuzzy,108,27,,53,Infrastructure upgrading  In Uasin Gishu  ,KE-UASIN GISHU COUNTY-397277-CW-RFB,settlement_project_location,130,307,,,,,0,0,0,0,0,0,0,0,0,0,2,2,0,0,0,0,,,,,,,Access roads,Constructed,AC15,Storm water drainage,Constructed,AC23,Water reticulation pipes,Constructed,AC42,Household water connections,Installed,AC14,Ablution blocks,Constructed,,Floodlights,Installed,AC20,Street lights and power connections,Constructed,AC21,Markets and commercial facilities,Constructed,,Sewer lines,Installed,AC25,Water kiosks,Installed,,Footpaths,Constructed,AC17,Y,
pdo,PDO Tracking Matrix  29-05-2026 NPCT.xlsx,CLUSTER 4,,Nyeri,,Chorongi,Phase 2 RFB,Phase 2 RFB,AFD,CLUSTER 4,39,Chorongi,settment_48,exact,100,19,,82,Infrastructure upgrading  In Nyeri,KE-NYERI COUNTY-395403-CW-RFQ,settlement_project_location,130,320,,,,,1,0.99,1.132,0.86,1.2,1.2,33,0,0,0,0,0,40,33,0,0,1,0.3,0,0,,0,Access roads,Constructed,AC15,Storm water drainage,Constructed,AC23,Water reticulation pipes,Constructed,AC42,Household water connections,Installed,AC14,Ablution blocks,Constructed,,Floodlights,Installed,AC20,Street lights and power connections,Constructed,AC21,Markets and commercial facilities,Constructed,,Sewer lines,Installed,AC25,Water kiosks,Installed,,Footpaths,Constructed,AC17,Y,
pdo,PDO Tracking Matrix  29-05-2026 NPCT.xlsx,CLUSTER 4,,Nyeri,,Kiamwathi,Phase 2 RFB,Phase 2 RFB,AFD,CLUSTER 4,40,Kiamwathi,settment_49,exact,100,19,,82,Infrastructure upgrading  In Nyeri,KE-NYERI COUNTY-395403-CW-RFQ,settlement_project_location,130,319,,,,,0.42,0.42,0.775,0.38,0,0,0,0,0,0,0,0,15,13,0,0,0.42,,0,0,,0,Access roads,Constructed,AC15,Storm water drainage,Constructed,AC23,Water reticulation pipes,Constructed,AC42,Household water connections,Installed,AC14,Ablution blocks,Constructed,,Floodlights,Installed,AC20,Street lights and power connections,Constructed,AC21,Markets and commercial facilities,Constructed,,Sewer lines,Installed,AC25,Water kiosks,Installed,,Footpaths,Constructed,AC17,Y,
pdo,PDO Tracking Matrix  29-05-2026 NPCT.xlsx,CLUSTER 4,,Nyeri,,Kiawara,Phase 2 RFB,Phase 2 RFB,AFD,CLUSTER 4,233,Kiawara,sett241,exact,100,19,,82,Infrastructure upgrading  In Nyeri,KE-NYERI COUNTY-395403-CW-RFQ,settlement_project_location,130,739,,,,,1.3,0.425,2.1,0.281,0,0,0,0,0,0,1,1,45,0,0,0,1.3,,1.9,0,350,0,Access roads,Constructed,AC15,Storm water drainage,Constructed,AC23,Water reticulation pipes,Constructed,AC42,Household water connections,Installed,AC14,Ablution blocks,Constructed,,Floodlights,Installed,AC20,Street lights and power connections,Constructed,AC21,Markets and commercial facilities,Constructed,,Sewer lines,Installed,AC25,Water kiosks,Installed,,Footpaths,Constructed,AC17,Y,
pdo,PDO Tracking Matrix  29-05-2026 NPCT.xlsx,CLUSTER 4,,Nyeri,,Ihwagi,Phase 2 RFB,Phase 2 RFB,AFD,CLUSTER 4,48,Ihwagi,settment_58,exact,100,19,,82,Infrastructure upgrading  In Nyeri,KE-NYERI COUNTY-395403-CW-RFQ,settlement_project_location,130,321,,,,,0,0,0,0,2.997,2.45,103,0,1,0,1,0,0,0,0,0,0,,0,0,,0,Access roads,Constructed,AC15,Storm water drainage,Constructed,AC23,Water reticulation pipes,Constructed,AC42,Household water connections,Installed,AC14,Ablution blocks,Constructed,,Floodlights,Installed,AC20,Street lights and power connections,Constructed,AC21,Markets and commercial facilities,Constructed,,Sewer lines,Installed,AC25,Water kiosks,Installed,,Footpaths,Constructed,AC17,Y,
pdo,PDO Tracking Matrix  29-05-2026 NPCT.xlsx,CLUSTER 4,,Nyeri,,Mweiga,Phase 2 RFB,Phase 2 RFB,AFD,CLUSTER 4,71,Mweiga,settment_82,exact_neighbor_county,100,19,,82,Infrastructure upgrading  In Nyeri,KE-NYERI COUNTY-395403-CW-RFQ,settlement_project_location,130,322,,,,,0.935,0.935,1.235,0.8,8.079,7.63,450,0,0,0,0,0,34,0,0,0,0.935,0.34,0,0,,0,Access roads,Constructed,AC15,Storm water drainage,Constructed,AC23,Water reticulation pipes,Constructed,AC42,Household water connections,Installed,AC14,Ablution blocks,Constructed,,Floodlights,Installed,AC20,Street lights and power connections,Constructed,AC21,Markets and commercial facilities,Constructed,,Sewer lines,Installed,AC25,Water kiosks,Installed,,Footpaths,Constructed,AC17,Y,
pdo,PDO Tracking Matrix  29-05-2026 NPCT.xlsx,CLUSTER 4,,Nyeri,,Chorongi,Phase 2 RFQ,Phase 2 RFQ,IDA,CLUSTER 4,39,Chorongi,settment_48,exact,100,19,,82,Infrastructure upgrading  In Nyeri,KE-NYERI COUNTY-395403-CW-RFQ,settlement_project_location,130,320,,,,,0,0,0,0,0,0,0,0,0,0,1,1,0,0,0,0,,,0,0,0,0,Access roads,Constructed,AC15,Storm water drainage,Constructed,AC23,Water reticulation pipes,Constructed,AC42,Household water connections,Installed,AC14,Ablution blocks,Constructed,,Floodlights,Installed,AC20,Street lights and power connections,Constructed,AC21,Markets and commercial facilities,Constructed,,Sewer lines,Installed,AC25,Water kiosks,Installed,,Footpaths,Constructed,AC17,Y,
pdo,PDO Tracking Matrix  29-05-2026 NPCT.xlsx,CLUSTER 4,,Nyeri,,Kiamwathi,Phase 2 RFQ,Phase 2 RFQ,IDA,CLUSTER 4,40,Kiamwathi,settment_49,exact,100,19,,82,Infrastructure upgrading  In Nyeri,KE-NYERI COUNTY-395403-CW-RFQ,settlement_project_location,130,319,,,,,0,0,0,0,0,0,0,0,0,0,1,1,0,0,0,0,,,0,0,0,0,Access roads,Constructed,AC15,Storm water drainage,Constructed,AC23,Water reticulation pipes,Constructed,AC42,Household water connections,Installed,AC14,Ablution blocks,Constructed,,Floodlights,Installed,AC20,Street lights and power connections,Constructed,AC21,Markets and commercial facilities,Constructed,,Sewer lines,Installed,AC25,Water kiosks,Installed,,Footpaths,Constructed,AC17,Y,
pdo,PDO Tracking Matrix  29-05-2026 NPCT.xlsx,CLUSTER 4,,Nyeri,,Kiawara,Phase 2 RFQ,Phase 2 RFQ,IDA,CLUSTER 4,233,Kiawara,sett241,exact,100,19,,82,Infrastructure upgrading  In Nyeri,KE-NYERI COUNTY-395403-CW-RFQ,settlement_project_location,130,739,,,,,0,0,0,0,0,0,0,0,0,0,1,1,0,0,0,0,,,0,0,0,0,Access roads,Constructed,AC15,Storm water drainage,Constructed,AC23,Water reticulation pipes,Constructed,AC42,Household water connections,Installed,AC14,Ablution blocks,Constructed,,Floodlights,Installed,AC20,Street lights and power connections,Constructed,AC21,Markets and commercial facilities,Constructed,,Sewer lines,Installed,AC25,Water kiosks,Installed,,Footpaths,Constructed,AC17,Y,
pdo,PDO Tracking Matrix  29-05-2026 NPCT.xlsx,CLUSTER 4,,Nyeri,,Ihwagi,Phase 2 RFQ,Phase 2 RFQ,IDA,CLUSTER 4,48,Ihwagi,settment_58,exact,100,19,,82,Infrastructure upgrading  In Nyeri,KE-NYERI COUNTY-395403-CW-RFQ,settlement_project_location,130,321,,,,,0,0,0,0,0,0,0,0,0,0,1,1,0,0,0,0,,,0,0,0,0,Access roads,Constructed,AC15,Storm water drainage,Constructed,AC23,Water reticulation pipes,Constructed,AC42,Household water connections,Installed,AC14,Ablution blocks,Constructed,,Floodlights,Installed,AC20,Street lights and power connections,Constructed,AC21,Markets and commercial facilities,Constructed,,Sewer lines,Installed,AC25,Water kiosks,Installed,,Footpaths,Constructed,AC17,Y,
pdo,PDO Tracking Matrix  29-05-2026 NPCT.xlsx,CLUSTER 4,,Nyeri,,Mweiga,Phase 2 RFQ,Phase 2 RFQ,IDA,CLUSTER 4,71,Mweiga,settment_82,exact_neighbor_county,100,19,,82,Infrastructure upgrading  In Nyeri,KE-NYERI COUNTY-395403-CW-RFQ,settlement_project_location,130,322,,,,,0,0,0,0,0,0,0,0,0,0,1,1,0,0,0,0,,,0,0,0,0,Access roads,Constructed,AC15,Storm water drainage,Constructed,AC23,Water reticulation pipes,Constructed,AC42,Household water connections,Installed,AC14,Ablution blocks,Constructed,,Floodlights,Installed,AC20,Street lights and power connections,Constructed,AC21,Markets and commercial facilities,Constructed,,Sewer lines,Installed,AC25,Water kiosks,Installed,,Footpaths,Constructed,AC17,Y,
pdo,PDO Tracking Matrix  29-05-2026 NPCT.xlsx,CLUSTER 4,,Meru,,Majengo,Phase 2 RFB,Phase 2 RFB,IDA,CLUSTER 4,1811,Majengo ,Meru004,exact,100,12,,50,Infrastructure upgrading  In Meru  ,KE-MERU COUNTY-402000-CW-RFB,county_infra_unique,90,,,,,,0.492,0.492,0.492,0.492,0.61,0.45,60,0,0,0,1,1,19,16,0,0,0.45,0.45,0,0,2,0,Access roads,Constructed,AC15,Storm water drainage,Constructed,AC23,Water reticulation pipes,Constructed,AC42,Household water connections,Installed,AC14,Ablution blocks,Constructed,,Floodlights,Installed,AC20,Street lights and power connections,Constructed,AC21,Markets and commercial facilities,Constructed,,Sewer lines,Installed,AC25,Water kiosks,Installed,,Footpaths,Constructed,AC17,Y,no project_location link
pdo,PDO Tracking Matrix  29-05-2026 NPCT.xlsx,CLUSTER 4,,Meru,,Mjini,Phase 2 RFB,Phase 2 RFB,IDA,CLUSTER 4,201,Mjini,sett196,exact,100,12,,50,Infrastructure upgrading  In Meru  ,KE-MERU COUNTY-402000-CW-RFB,county_infra_unique,90,,,,,,0.389,0.389,0.389,0.389,0.715,0.28,12,0,1,1,1,1,15,12,0,0,0.389,0.389,0,0,0,0,Access roads,Constructed,AC15,Storm water drainage,Constructed,AC23,Water reticulation pipes,Constructed,AC42,Household water connections,Installed,AC14,Ablution blocks,Constructed,,Floodlights,Installed,AC20,Street lights and power connections,Constructed,AC21,Markets and commercial facilities,Constructed,,Sewer lines,Installed,AC25,Water kiosks,Installed,,Footpaths,Constructed,AC17,Y,no project_location link
pdo,PDO Tracking Matrix  29-05-2026 NPCT.xlsx,CLUSTER 4,,Meru,,Salama,Phase 2 RFB,Phase 2 RFB,IDA,CLUSTER 4,202,Salama,sett197,exact,100,12,,50,Infrastructure upgrading  In Meru  ,KE-MERU COUNTY-402000-CW-RFB,county_infra_unique,90,,,,,,0.29,0.29,0.29,0.29,0.29,0.27,12,0,0,0,1,1,12,12,0,0,0.29,0.29,0,0,0,0,Access roads,Constructed,AC15,Storm water drainage,Constructed,AC23,Water reticulation pipes,Constructed,AC42,Household water connections,Installed,AC14,Ablution blocks,Constructed,,Floodlights,Installed,AC20,Street lights and power connections,Constructed,AC21,Markets and commercial facilities,Constructed,,Sewer lines,Installed,AC25,Water kiosks,Installed,,Footpaths,Constructed,AC17,Y,no project_location link
pdo,PDO Tracking Matrix  29-05-2026 NPCT.xlsx,CLUSTER 4,,Meru,,Majengo,Phase 2 RFQ,Phase 2 RFQ,IDA,CLUSTER 4,1811,Majengo ,Meru004,exact,100,12,,50,Infrastructure upgrading  In Meru  ,KE-MERU COUNTY-402000-CW-RFB,county_infra_unique,90,,,,,,0,0,0,0,0,0,0,0,0,0,3,3,0,0,0,0,,,0,0,0,0,Access roads,Constructed,AC15,Storm water drainage,Constructed,AC23,Water reticulation pipes,Constructed,AC42,Household water connections,Installed,AC14,Ablution blocks,Constructed,,Floodlights,Installed,AC20,Street lights and power connections,Constructed,AC21,Markets and commercial facilities,Constructed,,Sewer lines,Installed,AC25,Water kiosks,Installed,,Footpaths,Constructed,AC17,Y,no project_location link
pdo,PDO Tracking Matrix  29-05-2026 NPCT.xlsx,CLUSTER 4,,Meru,,Mjini,Phase 2 RFQ,Phase 2 RFQ,IDA,CLUSTER 4,201,Mjini,sett196,exact,100,12,,50,Infrastructure upgrading  In Meru  ,KE-MERU COUNTY-402000-CW-RFB,county_infra_unique,90,,,,,,0,0,0,0,0,0,0,0,0,0,2,2,0,0,0,0,,,0,0,0,0,Access roads,Constructed,AC15,Storm water drainage,Constructed,AC23,Water reticulation pipes,Constructed,AC42,Household water connections,Installed,AC14,Ablution blocks,Constructed,,Floodlights,Installed,AC20,Street lights and power connections,Constructed,AC21,Markets and commercial facilities,Constructed,,Sewer lines,Installed,AC25,Water kiosks,Installed,,Footpaths,Constructed,AC17,Y,no project_location link
pdo,PDO Tracking Matrix  29-05-2026 NPCT.xlsx,CLUSTER 4,,Meru,,Salama,Phase 2 RFQ,Phase 2 RFQ,IDA,CLUSTER 4,202,Salama,sett197,exact,100,12,,50,Infrastructure upgrading  In Meru  ,KE-MERU COUNTY-402000-CW-RFB,county_infra_unique,90,,,,,,0,0,0,0,0,0,0,0,0,0,1,1,0,0,0,0,,,0,0,0,0,Access roads,Constructed,AC15,Storm water drainage,Constructed,AC23,Water reticulation pipes,Constructed,AC42,Household water connections,Installed,AC14,Ablution blocks,Constructed,,Floodlights,Installed,AC20,Street lights and power connections,Constructed,AC21,Markets and commercial facilities,Constructed,,Sewer lines,Installed,AC25,Water kiosks,Installed,,Footpaths,Constructed,AC17,Y,no project_location link
pdo,PDO Tracking Matrix  29-05-2026 NPCT.xlsx,CLUSTER 4,,Tharaka Nithi,,Kathwana,Phase 2 RFB,Phase 2 RFB,IDA,CLUSTER 4,248,Kathwana ,sett263,exact,100,13,,45,Infrastructure upgrading  In Tharaka Nithi  ,KE-THARAKA NITHI COUNTY-398765-CW-RFB,county_infra_unique,90,,,,,,0.194,0.194,0.194,0.194,7.5,9.35,150,140,1,1,0,0,8,8,0,0,0.194,0.194,0,0,0,0,Access roads,Constructed,AC15,Storm water drainage,Constructed,AC23,Water reticulation pipes,Constructed,AC42,Household water connections,Installed,AC14,Ablution blocks,Constructed,,Floodlights,Installed,AC20,Street lights and power connections,Constructed,AC21,Markets and commercial facilities,Constructed,,Sewer lines,Installed,AC25,Water kiosks,Installed,,Footpaths,Constructed,AC17,Y,no project_location link
pdo,PDO Tracking Matrix  29-05-2026 NPCT.xlsx,CLUSTER 4,,Tharaka Nithi,,Marimanti,Phase 2 RFB,Phase 2 RFB,IDA,CLUSTER 4,1834,Marima,TharakaNithi004,fuzzy,108,13,,45,Infrastructure upgrading  In Tharaka Nithi  ,KE-THARAKA NITHI COUNTY-398765-CW-RFB,county_infra_unique,90,,,,,,0.773,0.773,0.773,0.773,3.3,3.4,150,150,1,0,0,0,41,38,0,0,0.773,0.773,0,0,0,0,Access roads,Constructed,AC15,Storm water drainage,Constructed,AC23,Water reticulation pipes,Constructed,AC42,Household water connections,Installed,AC14,Ablution blocks,Constructed,,Floodlights,Installed,AC20,Street lights and power connections,Constructed,AC21,Markets and commercial facilities,Constructed,,Sewer lines,Installed,AC25,Water kiosks,Installed,,Footpaths,Constructed,AC17,Y,no project_location link
pdo,PDO Tracking Matrix  29-05-2026 NPCT.xlsx,CLUSTER 4,,Tharaka Nithi,,Kathwana,Phase 2 RFQ,Phase 2 RFQ,IDA,CLUSTER 4,248,Kathwana ,sett263,exact,100,13,,45,Infrastructure upgrading  In Tharaka Nithi  ,KE-THARAKA NITHI COUNTY-398765-CW-RFB,county_infra_unique,90,,,,,,0,0,0,0,0,0,0,0,0,0,3,3,0,0,0,0,0,0,0,0,0,0,Access roads,Constructed,AC15,Storm water drainage,Constructed,AC23,Water reticulation pipes,Constructed,AC42,Household water connections,Installed,AC14,Ablution blocks,Constructed,,Floodlights,Installed,AC20,Street lights and power connections,Constructed,AC21,Markets and commercial facilities,Constructed,,Sewer lines,Installed,AC25,Water kiosks,Installed,,Footpaths,Constructed,AC17,Y,no project_location link
pdo,PDO Tracking Matrix  29-05-2026 NPCT.xlsx,CLUSTER 4,,Tharaka Nithi,,Marimanti,Phase 2 RFQ,Phase 2 RFQ,IDA,CLUSTER 4,1834,Marima,TharakaNithi004,fuzzy,108,13,,45,Infrastructure upgrading  In Tharaka Nithi  ,KE-THARAKA NITHI COUNTY-398765-CW-RFB,county_infra_unique,90,,,,,,0,0,0,0,0,0,0,0,0,0,3,3,0,0,0,0,0,0,0,0,0,0,Access roads,Constructed,AC15,Storm water drainage,Constructed,AC23,Water reticulation pipes,Constructed,AC42,Household water connections,Installed,AC14,Ablution blocks,Constructed,,Floodlights,Installed,AC20,Street lights and power connections,Constructed,AC21,Markets and commercial facilities,Constructed,,Sewer lines,Installed,AC25,Water kiosks,Installed,,Footpaths,Constructed,AC17,Y,no project_location link
pdo,PDO Tracking Matrix  29-05-2026 NPCT.xlsx,CLUSTER 4,,Wajir,,Halane,Phase 2 RFB,Phase 2 RFB,AFD,CLUSTER 4,267,Halane,sett284,exact,100,8,,78,Infrastructure upgrading  In Wajir,KE-WAJIR COUNTY-396559-CW-RFQ,county_infra_unique,90,,,,,,0.92,0.92,0.92,0.92,0,0,0,0,0,0,1,1,46,33,0,0,0.92,0.92,0,0,0,0,Access roads,Constructed,AC15,Storm water drainage,Constructed,AC23,Water reticulation pipes,Constructed,AC42,Household water connections,Installed,AC14,Ablution blocks,Constructed,,Floodlights,Installed,AC20,Street lights and power connections,Constructed,AC21,Markets and commercial facilities,Constructed,,Sewer lines,Installed,AC25,Water kiosks,Installed,,Footpaths,Constructed,AC17,Y,no project_location link
pdo,PDO Tracking Matrix  29-05-2026 NPCT.xlsx,CLUSTER 4,,Wajir,,Wagberi,Phase 2 RFB,Phase 2 RFB,AFD,CLUSTER 4,272,Wagberi,sett288,exact,100,8,,78,Infrastructure upgrading  In Wajir,KE-WAJIR COUNTY-396559-CW-RFQ,county_infra_unique,90,,,,,,1.565,1.565,1.565,1.565,0,0,0,0,0,0,1,1,78,56,0,0,1.565,1.565,0,0,0,0,Access roads,Constructed,AC15,Storm water drainage,Constructed,AC23,Water reticulation pipes,Constructed,AC42,Household water connections,Installed,AC14,Ablution blocks,Constructed,,Floodlights,Installed,AC20,Street lights and power connections,Constructed,AC21,Markets and commercial facilities,Constructed,,Sewer lines,Installed,AC25,Water kiosks,Installed,,Footpaths,Constructed,AC17,Y,no project_location link
pdo,PDO Tracking Matrix  29-05-2026 NPCT.xlsx,CLUSTER 4,,Wajir,,Hodhan,Phase 2 RFB,Phase 2 RFB,AFD,CLUSTER 4,268,Hodhan,sett285,exact,100,8,,78,Infrastructure upgrading  In Wajir,KE-WAJIR COUNTY-396559-CW-RFQ,county_infra_unique,90,,,,,,1.354,1.54,1.354,1.16,0,0,0,0,0,0,0,0,68,53,0,0,1.354,1.16,0,0,0,0,Access roads,Constructed,AC15,Storm water drainage,Constructed,AC23,Water reticulation pipes,Constructed,AC42,Household water connections,Installed,AC14,Ablution blocks,Constructed,,Floodlights,Installed,AC20,Street lights and power connections,Constructed,AC21,Markets and commercial facilities,Constructed,,Sewer lines,Installed,AC25,Water kiosks,Installed,,Footpaths,Constructed,AC17,Y,no project_location link
pdo,PDO Tracking Matrix  29-05-2026 NPCT.xlsx,CLUSTER 4,,Wajir,,Jogoo,Phase 2 RFB,Phase 2 RFB,AFD,CLUSTER 4,270,Jogoo,sett286,exact,100,8,,78,Infrastructure upgrading  In Wajir,KE-WAJIR COUNTY-396559-CW-RFQ,county_infra_unique,90,,,,,,1.4,1.4,1.4,1.12,0,0,0,0,0,0,0,0,64,52,0,0,1.4,1.4,0,0,0,0,Access roads,Constructed,AC15,Storm water drainage,Constructed,AC23,Water reticulation pipes,Constructed,AC42,Household water connections,Installed,AC14,Ablution blocks,Constructed,,Floodlights,Installed,AC20,Street lights and power connections,Constructed,AC21,Markets and commercial facilities,Constructed,,Sewer lines,Installed,AC25,Water kiosks,Installed,,Footpaths,Constructed,AC17,Y,no project_location link
pdo,PDO Tracking Matrix  29-05-2026 NPCT.xlsx,CLUSTER 4,,Wajir,,Barwaqo,Phase 2 RFB,Phase 2 RFB,AFD,CLUSTER 4,269,Barwaqo,sett283,exact,100,8,,78,Infrastructure upgrading  In Wajir,KE-WAJIR COUNTY-396559-CW-RFQ,county_infra_unique,90,,,,,,1.96,2.02,1.96,2.02,0,0,0,0,0,0,0,0,98,90,0,0,1.96,2.02,0,0,0,0,Access roads,Constructed,AC15,Storm water drainage,Constructed,AC23,Water reticulation pipes,Constructed,AC42,Household water connections,Installed,AC14,Ablution blocks,Constructed,,Floodlights,Installed,AC20,Street lights and power connections,Constructed,AC21,Markets and commercial facilities,Constructed,,Sewer lines,Installed,AC25,Water kiosks,Installed,,Footpaths,Constructed,AC17,Y,no project_location link
pdo,PDO Tracking Matrix  29-05-2026 NPCT.xlsx,CLUSTER 4,,Wajir,,Shalletey,Phase 2 RFB,Phase 2 RFB,AFD,CLUSTER 4,271,Shallattey,sett287,fuzzy,92,8,,78,Infrastructure upgrading  In Wajir,KE-WAJIR COUNTY-396559-CW-RFQ,county_infra_unique,90,,,,,,1.2,1.28,1.2,1.28,0,0,0,0,0,0,0,0,66,41,0,0,1.2,1.2,0,0,0,0,Access roads,Constructed,AC15,Storm water drainage,Constructed,AC23,Water reticulation pipes,Constructed,AC42,Household water connections,Installed,AC14,Ablution blocks,Constructed,,Floodlights,Installed,AC20,Street lights and power connections,Constructed,AC21,Markets and commercial facilities,Constructed,,Sewer lines,Installed,AC25,Water kiosks,Installed,,Footpaths,Constructed,AC17,Y,no project_location link
pdo,PDO Tracking Matrix  29-05-2026 NPCT.xlsx,CLUSTER 4,,Wajir,,Halane,Phase 2 RFQ,Phase 2 RFQ,IDA,CLUSTER 4,267,Halane,sett284,exact,100,8,,78,Infrastructure upgrading  In Wajir,KE-WAJIR COUNTY-396559-CW-RFQ,county_infra_unique,90,,,,,,0,0,0,0,0,0,0,0,0,0,0,0,0,0,0,0,,,0,0,0,0,Access roads,Constructed,AC15,Storm water drainage,Constructed,AC23,Water reticulation pipes,Constructed,AC42,Household water connections,Installed,AC14,Ablution blocks,Constructed,,Floodlights,Installed,AC20,Street lights and power connections,Constructed,AC21,Markets and commercial facilities,Constructed,,Sewer lines,Installed,AC25,Water kiosks,Installed,,Footpaths,Constructed,AC17,Y,no project_location link
pdo,PDO Tracking Matrix  29-05-2026 NPCT.xlsx,CLUSTER 4,,Wajir,,Wagberi,Phase 2 RFQ,Phase 2 RFQ,IDA,CLUSTER 4,272,Wagberi,sett288,exact,100,8,,78,Infrastructure upgrading  In Wajir,KE-WAJIR COUNTY-396559-CW-RFQ,county_infra_unique,90,,,,,,0,0,0,0,0,0,0,0,0,0,0,0,0,0,0,0,,,0,0,0,0,Access roads,Constructed,AC15,Storm water drainage,Constructed,AC23,Water reticulation pipes,Constructed,AC42,Household water connections,Installed,AC14,Ablution blocks,Constructed,,Floodlights,Installed,AC20,Street lights and power connections,Constructed,AC21,Markets and commercial facilities,Constructed,,Sewer lines,Installed,AC25,Water kiosks,Installed,,Footpaths,Constructed,AC17,Y,no project_location link
pdo,PDO Tracking Matrix  29-05-2026 NPCT.xlsx,CLUSTER 4,,Wajir,,Hodhan,Phase 2 RFQ,Phase 2 RFQ,IDA,CLUSTER 4,268,Hodhan,sett285,exact,100,8,,78,Infrastructure upgrading  In Wajir,KE-WAJIR COUNTY-396559-CW-RFQ,county_infra_unique,90,,,,,,0,0,0,0,0,0,0,0,0,0,0,0,0,0,0,0,,,0,0,0,0,Access roads,Constructed,AC15,Storm water drainage,Constructed,AC23,Water reticulation pipes,Constructed,AC42,Household water connections,Installed,AC14,Ablution blocks,Constructed,,Floodlights,Installed,AC20,Street lights and power connections,Constructed,AC21,Markets and commercial facilities,Constructed,,Sewer lines,Installed,AC25,Water kiosks,Installed,,Footpaths,Constructed,AC17,Y,no project_location link
pdo,PDO Tracking Matrix  29-05-2026 NPCT.xlsx,CLUSTER 4,,Wajir,,Jogoo,Phase 2 RFQ,Phase 2 RFQ,IDA,CLUSTER 4,270,Jogoo,sett286,exact,100,8,,78,Infrastructure upgrading  In Wajir,KE-WAJIR COUNTY-396559-CW-RFQ,county_infra_unique,90,,,,,,0,0,0,0,0,0,0,0,0,0,1,1,0,0,0,0,,,0,0,0,0,Access roads,Constructed,AC15,Storm water drainage,Constructed,AC23,Water reticulation pipes,Constructed,AC42,Household water connections,Installed,AC14,Ablution blocks,Constructed,,Floodlights,Installed,AC20,Street lights and power connections,Constructed,AC21,Markets and commercial facilities,Constructed,,Sewer lines,Installed,AC25,Water kiosks,Installed,,Footpaths,Constructed,AC17,Y,no project_location link
pdo,PDO Tracking Matrix  29-05-2026 NPCT.xlsx,CLUSTER 4,,Wajir,,Barwaqo,Phase 2 RFQ,Phase 2 RFQ,IDA,CLUSTER 4,269,Barwaqo,sett283,exact,100,8,,78,Infrastructure upgrading  In Wajir,KE-WAJIR COUNTY-396559-CW-RFQ,county_infra_unique,90,,,,,,0,0,0,0,0,0,0,0,0,0,1,1,0,0,0,0,,,0,0,0,0,Access roads,Constructed,AC15,Storm water drainage,Constructed,AC23,Water reticulation pipes,Constructed,AC42,Household water connections,Installed,AC14,Ablution blocks,Constructed,,Floodlights,Installed,AC20,Street lights and power connections,Constructed,AC21,Markets and commercial facilities,Constructed,,Sewer lines,Installed,AC25,Water kiosks,Installed,,Footpaths,Constructed,AC17,Y,no project_location link
pdo,PDO Tracking Matrix  29-05-2026 NPCT.xlsx,CLUSTER 4,,Wajir,,Shalletey,Phase 2 RFQ,Phase 2 RFQ,IDA,CLUSTER 4,271,Shallattey,sett287,fuzzy,92,8,,78,Infrastructure upgrading  In Wajir,KE-WAJIR COUNTY-396559-CW-RFQ,county_infra_unique,90,,,,,,0,0,0,0,0,0,0,0,0,0,1,1,0,0,0,0,,,0,0,0,0,Access roads,Constructed,AC15,Storm water drainage,Constructed,AC23,Water reticulation pipes,Constructed,AC42,Household water connections,Installed,AC14,Ablution blocks,Constructed,,Floodlights,Installed,AC20,Street lights and power connections,Constructed,AC21,Markets and commercial facilities,Constructed,,Sewer lines,Installed,AC25,Water kiosks,Installed,,Footpaths,Constructed,AC17,Y,no project_location link
pdo,PDO Tracking Matrix  29-05-2026 NPCT.xlsx,CLUSTER 5,,Trans Nzoia,,Matisi,Phase 2 Lot 1,Phase 2 Lot 1,IDA,CLUSTER 5,308,Folkland (matisi),sett345,exact,100,26,,47,Infrastructure upgrading  In Trans Nzoia,KE-TRANS NZOIA COUNTY-399514-CW-RFB,county_infra_unique,90,,,,,,2.973,2.973,2.973,2.973,2.998,2.998,100,82,,,1,1,20,20,,,2.95,2.95,0,0,0,0,Access roads,Constructed,AC15,Storm water drainage,Constructed,AC23,Water reticulation pipes,Constructed,AC42,Household water connections,Installed,AC14,Ablution blocks,Constructed,,Floodlights,Installed,AC20,Street lights and power connections,Constructed,AC21,Markets and commercial facilities,Constructed,,Sewer lines,Installed,AC25,Water kiosks,Installed,,Footpaths,Constructed,AC17,Y,no project_location link
pdo,PDO Tracking Matrix  29-05-2026 NPCT.xlsx,CLUSTER 5,,Trans Nzoia,,Matisi,Phase 2 RFQ,Phase 2 Lot 1,AFD,CLUSTER 5,308,Folkland (matisi),sett345,exact,100,26,,47,Infrastructure upgrading  In Trans Nzoia,KE-TRANS NZOIA COUNTY-399514-CW-RFB,county_infra_unique,90,,,,,,,,,,,,,,,,1,1,,,,,,0,0,0,0,0,Access roads,Constructed,AC15,Storm water drainage,Constructed,AC23,Water reticulation pipes,Constructed,AC42,Household water connections,Installed,AC14,Ablution blocks,Constructed,,Floodlights,Installed,AC20,Street lights and power connections,Constructed,AC21,Markets and commercial facilities,Constructed,,Sewer lines,Installed,AC25,Water kiosks,Installed,,Footpaths,Constructed,AC17,Y,contract resolved: Phase 2 Lot 1; no project_location link
pdo,PDO Tracking Matrix  29-05-2026 NPCT.xlsx,CLUSTER 5,,Trans Nzoia,,Mitume,Phase 2 Lot 1,Phase 2 Lot 1,IDA,CLUSTER 5,255,Mitume maumau,sett270,exact,100,26,,47,Infrastructure upgrading  In Trans Nzoia,KE-TRANS NZOIA COUNTY-399514-CW-RFB,county_infra_unique,90,,,,,,2.761,2.761,2.761,2.761,2.332,2.332,100,68,,,1,1,25,25,,,2.76,2.76,0,0,0,0,Access roads,Constructed,AC15,Storm water drainage,Constructed,AC23,Water reticulation pipes,Constructed,AC42,Household water connections,Installed,AC14,Ablution blocks,Constructed,,Floodlights,Installed,AC20,Street lights and power connections,Constructed,AC21,Markets and commercial facilities,Constructed,,Sewer lines,Installed,AC25,Water kiosks,Installed,,Footpaths,Constructed,AC17,Y,no project_location link
pdo,PDO Tracking Matrix  29-05-2026 NPCT.xlsx,CLUSTER 5,,Trans Nzoia,,Mitume,Phase 2 RFQ,Phase 2 Lot 1,AFD,CLUSTER 5,255,Mitume maumau,sett270,exact,100,26,,47,Infrastructure upgrading  In Trans Nzoia,KE-TRANS NZOIA COUNTY-399514-CW-RFB,county_infra_unique,90,,,,,,,,,,,,,,,,1,1,,,,,,0,0,0,0,0,Access roads,Constructed,AC15,Storm water drainage,Constructed,AC23,Water reticulation pipes,Constructed,AC42,Household water connections,Installed,AC14,Ablution blocks,Constructed,,Floodlights,Installed,AC20,Street lights and power connections,Constructed,AC21,Markets and commercial facilities,Constructed,,Sewer lines,Installed,AC25,Water kiosks,Installed,,Footpaths,Constructed,AC17,Y,contract resolved: Phase 2 Lot 1; no project_location link
pdo,PDO Tracking Matrix  29-05-2026 NPCT.xlsx,CLUSTER 5,,Trans Nzoia,,Tuwani,Phase 2 Lot 1,Phase 2 Lot 1,IDA,CLUSTER 5,,,,unmatched,68,26,,47,Infrastructure upgrading  In Trans Nzoia,KE-TRANS NZOIA COUNTY-399514-CW-RFB,county_infra_unique,90,,,,,,2.204,2.204,2.204,2.204,1.76,1.76,100,65,,,,,20,20,,,2.204,2.204,0,0,0,0,Access roads,Constructed,AC15,Storm water drainage,Constructed,AC23,Water reticulation pipes,Constructed,AC42,Household water connections,Installed,AC14,Ablution blocks,Constructed,,Floodlights,Installed,AC20,Street lights and power connections,Constructed,AC21,Markets and commercial facilities,Constructed,,Sewer lines,Installed,AC25,Water kiosks,Installed,,Footpaths,Constructed,AC17,Y,settlement unmatched
pdo,PDO Tracking Matrix  29-05-2026 NPCT.xlsx,CLUSTER 5,,Trans Nzoia,,Tuwani,Phase 2 RFQ,Phase 2 Lot 1,AFD,CLUSTER 5,,,,unmatched,68,26,,47,Infrastructure upgrading  In Trans Nzoia,KE-TRANS NZOIA COUNTY-399514-CW-RFB,county_infra_unique,90,,,,,,,,,,,,,,,,1,1,,,,,,0,0,0,0,0,Access roads,Constructed,AC15,Storm water drainage,Constructed,AC23,Water reticulation pipes,Constructed,AC42,Household water connections,Installed,AC14,Ablution blocks,Constructed,,Floodlights,Installed,AC20,Street lights and power connections,Constructed,AC21,Markets and commercial facilities,Constructed,,Sewer lines,Installed,AC25,Water kiosks,Installed,,Footpaths,Constructed,AC17,Y,settlement unmatched; contract resolved: Phase 2 Lot 1
pdo,PDO Tracking Matrix  29-05-2026 NPCT.xlsx,CLUSTER 5,,Trans Nzoia,,Shanti,Phase 2 Lot 1,Phase 2 Lot 1,IDA,CLUSTER 5,256,Shanti,sett271,exact,100,26,,47,Infrastructure upgrading  In Trans Nzoia,KE-TRANS NZOIA COUNTY-399514-CW-RFB,county_infra_unique,90,,,,,,2.023,2.023,2.023,2.023,1.962,1.962,100,65,,,1,1,20,20,,,1.95,1.95,0,0,0,0,Access roads,Constructed,AC15,Storm water drainage,Constructed,AC23,Water reticulation pipes,Constructed,AC42,Household water connections,Installed,AC14,Ablution blocks,Constructed,,Floodlights,Installed,AC20,Street lights and power connections,Constructed,AC21,Markets and commercial facilities,Constructed,,Sewer lines,Installed,AC25,Water kiosks,Installed,,Footpaths,Constructed,AC17,Y,no project_location link
pdo,PDO Tracking Matrix  29-05-2026 NPCT.xlsx,CLUSTER 5,,Trans Nzoia,,Shanti,Phase 2 RFQ,Phase 2 Lot 1,AFD,CLUSTER 5,256,Shanti,sett271,exact,100,26,,47,Infrastructure upgrading  In Trans Nzoia,KE-TRANS NZOIA COUNTY-399514-CW-RFB,county_infra_unique,90,,,,,,,,,,,,,,,,1,1,,,,,,0,0,0,0,0,Access roads,Constructed,AC15,Storm water drainage,Constructed,AC23,Water reticulation pipes,Constructed,AC42,Household water connections,Installed,AC14,Ablution blocks,Constructed,,Floodlights,Installed,AC20,Street lights and power connections,Constructed,AC21,Markets and commercial facilities,Constructed,,Sewer lines,Installed,AC25,Water kiosks,Installed,,Footpaths,Constructed,AC17,Y,contract resolved: Phase 2 Lot 1; no project_location link
pdo,PDO Tracking Matrix  29-05-2026 NPCT.xlsx,CLUSTER 5,,Trans Nzoia,,Kipsongo,Phase 2 Lot 1,Phase 2 Lot 1,IDA,CLUSTER 5,253,Kipsongo A,sett268,fuzzy,108,26,,47,Infrastructure upgrading  In Trans Nzoia,KE-TRANS NZOIA COUNTY-399514-CW-RFB,county_infra_unique,90,,,,,,,,,,,,,,1,1,,0,,,,,0,0,0,0,0,0,Access roads,Constructed,AC15,Storm water drainage,Constructed,AC23,Water reticulation pipes,Constructed,AC42,Household water connections,Installed,AC14,Ablution blocks,Constructed,,Floodlights,Installed,AC20,Street lights and power connections,Constructed,AC21,Markets and commercial facilities,Constructed,,Sewer lines,Installed,AC25,Water kiosks,Installed,,Footpaths,Constructed,AC17,Y,no project_location link
pdo,PDO Tracking Matrix  29-05-2026 NPCT.xlsx,CLUSTER 5,,Trans Nzoia,,Kipsongo,Phase 2 RFQ,Phase 2 Lot 1,AFD,CLUSTER 5,253,Kipsongo A,sett268,fuzzy,108,26,,47,Infrastructure upgrading  In Trans Nzoia,KE-TRANS NZOIA COUNTY-399514-CW-RFB,county_infra_unique,90,,,,,,,,,,,,,,,,1,1,,,,,,0,0,0,0,0,Access roads,Constructed,AC15,Storm water drainage,Constructed,AC23,Water reticulation pipes,Constructed,AC42,Household water connections,Installed,AC14,Ablution blocks,Constructed,,Floodlights,Installed,AC20,Street lights and power connections,Constructed,AC21,Markets and commercial facilities,Constructed,,Sewer lines,Installed,AC25,Water kiosks,Installed,,Footpaths,Constructed,AC17,Y,contract resolved: Phase 2 Lot 1; no project_location link
pdo,PDO Tracking Matrix  29-05-2026 NPCT.xlsx,CLUSTER 5,,Bungoma,,Mjini,Phase 2 Lot 1,Phase 2 Lot 1,IDA,CLUSTER 5,116,Mjini,sett105,exact,100,39,,155,"Survey and Planning In Selected Informal Setlements In West Pokot, Trans nzoia, Bungoma, Homa Bay County Cluster 3 Phase I Lot 5",MLHUD/KISIP/CS/TBD,lot_cluster_fuzzy,37,,,,,,1.588,0,1.588,1.248,1.518,1.518,136,0,0,0,1,1,9,0,0,0,1.588,0,1.1,0,0,0,Access roads,Constructed,AC15,Storm water drainage,Constructed,AC23,Water reticulation pipes,Constructed,AC42,Household water connections,Installed,AC14,Ablution blocks,Constructed,,Floodlights,Installed,AC20,Street lights and power connections,Constructed,AC21,Markets and commercial facilities,Constructed,,Sewer lines,Installed,AC25,Water kiosks,Installed,,Footpaths,Constructed,AC17,Y,no project_location link
pdo,PDO Tracking Matrix  29-05-2026 NPCT.xlsx,CLUSTER 5,,Bungoma,,Mjini,Phase 2 RFQ,Phase 2 Lot 1,AFD,CLUSTER 5,116,Mjini,sett105,exact,100,39,,155,"Survey and Planning In Selected Informal Setlements In West Pokot, Trans nzoia, Bungoma, Homa Bay County Cluster 3 Phase I Lot 5",MLHUD/KISIP/CS/TBD,lot_cluster_fuzzy,37,,,,,,,,,,,,,,,,2,2,,,,,0,0,0,0,0,0,Access roads,Constructed,AC15,Storm water drainage,Constructed,AC23,Water reticulation pipes,Constructed,AC42,Household water connections,Installed,AC14,Ablution blocks,Constructed,,Floodlights,Installed,AC20,Street lights and power connections,Constructed,AC21,Markets and commercial facilities,Constructed,,Sewer lines,Installed,AC25,Water kiosks,Installed,,Footpaths,Constructed,AC17,Y,contract resolved: Phase 2 Lot 1; no project_location link
pdo,PDO Tracking Matrix  29-05-2026 NPCT.xlsx,CLUSTER 5,,Bungoma,,Landi Matope,Phase 2 Lot 1,Phase 2 Lot 1,IDA,CLUSTER 5,113,Landi Matope,sett103,exact,100,39,,155,"Survey and Planning In Selected Informal Setlements In West Pokot, Trans nzoia, Bungoma, Homa Bay County Cluster 3 Phase I Lot 5",MLHUD/KISIP/CS/TBD,lot_cluster_fuzzy,37,,,,,,2.246,0,2.246,2.246,0,0,0,0,0,0,,,22,0,,,2.246,0,0,0,0,0,Access roads,Constructed,AC15,Storm water drainage,Constructed,AC23,Water reticulation pipes,Constructed,AC42,Household water connections,Installed,AC14,Ablution blocks,Constructed,,Floodlights,Installed,AC20,Street lights and power connections,Constructed,AC21,Markets and commercial facilities,Constructed,,Sewer lines,Installed,AC25,Water kiosks,Installed,,Footpaths,Constructed,AC17,Y,no project_location link
pdo,PDO Tracking Matrix  29-05-2026 NPCT.xlsx,CLUSTER 5,,Bungoma,,Landi Matope,Phase 2 RFQ,Phase 2 Lot 1,AFD,CLUSTER 5,113,Landi Matope,sett103,exact,100,39,,155,"Survey and Planning In Selected Informal Setlements In West Pokot, Trans nzoia, Bungoma, Homa Bay County Cluster 3 Phase I Lot 5",MLHUD/KISIP/CS/TBD,lot_cluster_fuzzy,37,,,,,,,,,,,,,,,,3,3,,,,,0,0,0,0,0,0,Access roads,Constructed,AC15,Storm water drainage,Constructed,AC23,Water reticulation pipes,Constructed,AC42,Household water connections,Installed,AC14,Ablution blocks,Constructed,,Floodlights,Installed,AC20,Street lights and power connections,Constructed,AC21,Markets and commercial facilities,Constructed,,Sewer lines,Installed,AC25,Water kiosks,Installed,,Footpaths,Constructed,AC17,Y,contract resolved: Phase 2 Lot 1; no project_location link
pdo,PDO Tracking Matrix  29-05-2026 NPCT.xlsx,CLUSTER 5,,Elgeyo Marakwet,,Cheptongei,Phase 2 Lot 1,Phase 2 Lot 1,IDA,CLUSTER 5,,,,unmatched,68,28,,48,Infrastructure upgrading  In Elgeyo Marakwet  ,KE-ELGEYO MARAKWET -397232-CW-RFB,county_infra_unique,90,,,,,,2.084,2.084,2.211,2.211,,,,,,,1,1,12,12,,,0.65,0.65,0,0,0,0,Access roads,Constructed,AC15,Storm water drainage,Constructed,AC23,Water reticulation pipes,Constructed,AC42,Household water connections,Installed,AC14,Ablution blocks,Constructed,,Floodlights,Installed,AC20,Street lights and power connections,Constructed,AC21,Markets and commercial facilities,Constructed,,Sewer lines,Installed,AC25,Water kiosks,Installed,,Footpaths,Constructed,AC17,Y,settlement unmatched
pdo,PDO Tracking Matrix  29-05-2026 NPCT.xlsx,CLUSTER 5,,Elgeyo Marakwet,,Cheptongei,Phase 2 RFQ,Phase 2 Lot 1,AFD,CLUSTER 5,,,,unmatched,68,28,,48,Infrastructure upgrading  In Elgeyo Marakwet  ,KE-ELGEYO MARAKWET -397232-CW-RFB,county_infra_unique,90,,,,,,,,,,,,,,,,1,1,,,36,36,0,0,0,0,0,0,Access roads,Constructed,AC15,Storm water drainage,Constructed,AC23,Water reticulation pipes,Constructed,AC42,Household water connections,Installed,AC14,Ablution blocks,Constructed,,Floodlights,Installed,AC20,Street lights and power connections,Constructed,AC21,Markets and commercial facilities,Constructed,,Sewer lines,Installed,AC25,Water kiosks,Installed,,Footpaths,Constructed,AC17,Y,settlement unmatched; contract resolved: Phase 2 Lot 1
pdo,PDO Tracking Matrix  29-05-2026 NPCT.xlsx,CLUSTER 5,,Elgeyo Marakwet,,Chebiemit,Phase 2 Lot 1,Phase 2 Lot 1,IDA,CLUSTER 5,,,,unmatched,65,28,,48,Infrastructure upgrading  In Elgeyo Marakwet  ,KE-ELGEYO MARAKWET -397232-CW-RFB,county_infra_unique,90,,,,,,1.461,1.461,1.461,1.461,,,,,,,1,1,25,25,,,0.47,0.47,0,0,0,0,Access roads,Constructed,AC15,Storm water drainage,Constructed,AC23,Water reticulation pipes,Constructed,AC42,Household water connections,Installed,AC14,Ablution blocks,Constructed,,Floodlights,Installed,AC20,Street lights and power connections,Constructed,AC21,Markets and commercial facilities,Constructed,,Sewer lines,Installed,AC25,Water kiosks,Installed,,Footpaths,Constructed,AC17,Y,settlement unmatched
pdo,PDO Tracking Matrix  29-05-2026 NPCT.xlsx,CLUSTER 5,,Elgeyo Marakwet,,Chebiemit,Phase 2 RFQ,Phase 2 Lot 1,AFD,CLUSTER 5,,,,unmatched,65,28,,48,Infrastructure upgrading  In Elgeyo Marakwet  ,KE-ELGEYO MARAKWET -397232-CW-RFB,county_infra_unique,90,,,,,,,,,,,,,,,,1,1,,,36,36,0,0,0,0,0,0,Access roads,Constructed,AC15,Storm water drainage,Constructed,AC23,Water reticulation pipes,Constructed,AC42,Household water connections,Installed,AC14,Ablution blocks,Constructed,,Floodlights,Installed,AC20,Street lights and power connections,Constructed,AC21,Markets and commercial facilities,Constructed,,Sewer lines,Installed,AC25,Water kiosks,Installed,,Footpaths,Constructed,AC17,Y,settlement unmatched; contract resolved: Phase 2 Lot 1
comp11_titles,Comp 1.1 Approved Plans and Exp TITLES.docx,,PHASE I (LOT 5),Makueni,Kibwezi West,Mjini,,,,Cluster 1,197,Mjini,sett193,exact,100,17,87,152,"Consultancy services for physical planning, cadastral survey & detailed topographical survey : Makueni, Taita Taveta and Kilifi (E&G)",MLHUD/KISIP/CS/TBD,settlement_project_location,130,468,326,,PHASE I (LOT 5),Cluster 1,,,,,,,,,,,,,,,,,,,,,,,Access roads,Constructed,AC15,Storm water drainage,Constructed,AC23,Water reticulation pipes,Constructed,AC42,Household water connections,Installed,AC14,Ablution blocks,Constructed,,Floodlights,Installed,AC20,Street lights and power connections,Constructed,AC21,Markets and commercial facilities,Constructed,,Sewer lines,Installed,AC25,Water kiosks,Installed,,Footpaths,Constructed,AC17,Y,
comp11_titles,Comp 1.1 Approved Plans and Exp TITLES.docx,,PHASE I (LOT 5),Makueni,Kibwezi West,Misongeni,,,,Cluster 1,199,Misongeni,sett192,exact,100,17,87,152,"Consultancy services for physical planning, cadastral survey & detailed topographical survey : Makueni, Taita Taveta and Kilifi (E&G)",MLHUD/KISIP/CS/TBD,settlement_project_location,130,470,367,,PHASE I (LOT 5),Cluster 1,,,,,,,,,,,,,,,,,,,,,,,Access roads,Constructed,AC15,Storm water drainage,Constructed,AC23,Water reticulation pipes,Constructed,AC42,Household water connections,Installed,AC14,Ablution blocks,Constructed,,Floodlights,Installed,AC20,Street lights and power connections,Constructed,AC21,Markets and commercial facilities,Constructed,,Sewer lines,Installed,AC25,Water kiosks,Installed,,Footpaths,Constructed,AC17,Y,
comp11_titles,Comp 1.1 Approved Plans and Exp TITLES.docx,,PHASE I (LOT 5),Makueni,Kibwezi West,Soko mjinga,,,,Cluster 1,1305,Soko Mjinga,316384c4-af61-435f-936b-903863874344,exact,100,17,87,152,"Consultancy services for physical planning, cadastral survey & detailed topographical survey : Makueni, Taita Taveta and Kilifi (E&G)",MLHUD/KISIP/CS/TBD,settlement_project_location,130,471,123,,PHASE I (LOT 5),Cluster 1,,,,,,,,,,,,,,,,,,,,,,,Access roads,Constructed,AC15,Storm water drainage,Constructed,AC23,Water reticulation pipes,Constructed,AC42,Household water connections,Installed,AC14,Ablution blocks,Constructed,,Floodlights,Installed,AC20,Street lights and power connections,Constructed,AC21,Markets and commercial facilities,Constructed,,Sewer lines,Installed,AC25,Water kiosks,Installed,,Footpaths,Constructed,AC17,Y,
comp11_titles,Comp 1.1 Approved Plans and Exp TITLES.docx,,PHASE I (LOT 5),Taita Taveta,Taveta,Kijiji Cha Chewa,,,,Cluster 1,239,Chewani,sett254,fuzzy_cross_county,95,6,23,156,Survey and Planning In 9 Selected Informal Setlements InTana River County Cluster 4 Phase I Lot 5(Rennaissance),MLHUD/KISIP/CS/TBD,settlement_project_location,130,559,50,,PHASE I (LOT 5),Cluster 1,,,,,,,,,,,,,,,,,,,,,,,Access roads,Constructed,AC15,Storm water drainage,Constructed,AC23,Water reticulation pipes,Constructed,AC42,Household water connections,Installed,AC14,Ablution blocks,Constructed,,Floodlights,Installed,AC20,Street lights and power connections,Constructed,AC21,Markets and commercial facilities,Constructed,,Sewer lines,Installed,AC25,Water kiosks,Installed,,Footpaths,Constructed,AC17,Y,
comp11_titles,Comp 1.1 Approved Plans and Exp TITLES.docx,,PHASE I (LOT 5),Taita Taveta,Taveta,Majengo Mapya,,,,Cluster 1,1278,Bura Ndogo - Majengo Mapya (Bura Ndogo Phase 2),95d56922-ac6e-4010-b0e0-77fe34be6ec2,fuzzy,113,6,23,152,"Consultancy services for physical planning, cadastral survey & detailed topographical survey : Makueni, Taita Taveta and Kilifi (E&G)",MLHUD/KISIP/CS/TBD,settlement_project_location,130,474,256,,PHASE I (LOT 5),Cluster 1,,,,,,,,,,,,,,,,,,,,,,,Access roads,Constructed,AC15,Storm water drainage,Constructed,AC23,Water reticulation pipes,Constructed,AC42,Household water connections,Installed,AC14,Ablution blocks,Constructed,,Floodlights,Installed,AC20,Street lights and power connections,Constructed,AC21,Markets and commercial facilities,Constructed,,Sewer lines,Installed,AC25,Water kiosks,Installed,,Footpaths,Constructed,AC17,Y,
comp11_titles,Comp 1.1 Approved Plans and Exp TITLES.docx,,PHASE I (LOT 5),Taita Taveta,Taveta,Bura Ndogo,,,,Cluster 1,1278,Bura Ndogo - Majengo Mapya (Bura Ndogo Phase 2),95d56922-ac6e-4010-b0e0-77fe34be6ec2,fuzzy,113,6,23,152,"Consultancy services for physical planning, cadastral survey & detailed topographical survey : Makueni, Taita Taveta and Kilifi (E&G)",MLHUD/KISIP/CS/TBD,settlement_project_location,130,474,290,,PHASE I (LOT 5),Cluster 1,,,,,,,,,,,,,,,,,,,,,,,Access roads,Constructed,AC15,Storm water drainage,Constructed,AC23,Water reticulation pipes,Constructed,AC42,Household water connections,Installed,AC14,Ablution blocks,Constructed,,Floodlights,Installed,AC20,Street lights and power connections,Constructed,AC21,Markets and commercial facilities,Constructed,,Sewer lines,Installed,AC25,Water kiosks,Installed,,Footpaths,Constructed,AC17,Y,
comp11_titles,Comp 1.1 Approved Plans and Exp TITLES.docx,,PHASE I (LOT 5),Kilifi,Rabai,Mazeras Centre,,,,Cluster 1,149,Makondeni Miwani(Mazeras),PB1kXPFya,fuzzy,80,3,14,152,"Consultancy services for physical planning, cadastral survey & detailed topographical survey : Makueni, Taita Taveta and Kilifi (E&G)",MLHUD/KISIP/CS/TBD,settlement_project_location,130,475,313,,PHASE I (LOT 5),Cluster 1,,,,,,,,,,,,,,,,,,,,,,,Access roads,Constructed,AC15,Storm water drainage,Constructed,AC23,Water reticulation pipes,Constructed,AC42,Household water connections,Installed,AC14,Ablution blocks,Constructed,,Floodlights,Installed,AC20,Street lights and power connections,Constructed,AC21,Markets and commercial facilities,Constructed,,Sewer lines,Installed,AC25,Water kiosks,Installed,,Footpaths,Constructed,AC17,Y,
comp11_titles,Comp 1.1 Approved Plans and Exp TITLES.docx,,PHASE I (LOT 5),Kilifi,Malindi,M27,,,,Cluster 1,148,Kibokoni M27,sett141,fuzzy,108,3,16,152,"Consultancy services for physical planning, cadastral survey & detailed topographical survey : Makueni, Taita Taveta and Kilifi (E&G)",MLHUD/KISIP/CS/TBD,settlement_project_location,130,476,156,,PHASE I (LOT 5),Cluster 1,,,,,,,,,,,,,,,,,,,,,,,Access roads,Constructed,AC15,Storm water drainage,Constructed,AC23,Water reticulation pipes,Constructed,AC42,Household water connections,Installed,AC14,Ablution blocks,Constructed,,Floodlights,Installed,AC20,Street lights and power connections,Constructed,AC21,Markets and commercial facilities,Constructed,,Sewer lines,Installed,AC25,Water kiosks,Installed,,Footpaths,Constructed,AC17,Y,
comp11_titles,Comp 1.1 Approved Plans and Exp TITLES.docx,,PHASE I (LOT 5),Machakos,Mavoko,Slota,,,,Cluster 2,196,Slota,iekMbe,exact,100,16,80,154,"Survey and Planning In Selected Informal Setlements In Machakos, Tharaka Nithi and Kiambu County Cluster 2 Phase I Lot 5",MLHUD/KISIP/CS/TBD,settlement_project_location,130,537,433,,PHASE I (LOT 5),Cluster 2,,,,,,,,,,,,,,,,,,,,,,,Access roads,Constructed,AC15,Storm water drainage,Constructed,AC23,Water reticulation pipes,Constructed,AC42,Household water connections,Installed,AC14,Ablution blocks,Constructed,,Floodlights,Installed,AC20,Street lights and power connections,Constructed,AC21,Markets and commercial facilities,Constructed,,Sewer lines,Installed,AC25,Water kiosks,Installed,,Footpaths,Constructed,AC17,Y,
comp11_titles,Comp 1.1 Approved Plans and Exp TITLES.docx,,PHASE I (LOT 5),Machakos,Mavoko,Canaani,,,,Cluster 2,193,Kanaani,dA52TZ,fuzzy,99,16,80,154,"Survey and Planning In Selected Informal Setlements In Machakos, Tharaka Nithi and Kiambu County Cluster 2 Phase I Lot 5",MLHUD/KISIP/CS/TBD,lot_cluster_fuzzy,77,,388,,PHASE I (LOT 5),Cluster 2,,,,,,,,,,,,,,,,,,,,,,,Access roads,Constructed,AC15,Storm water drainage,Constructed,AC23,Water reticulation pipes,Constructed,AC42,Household water connections,Installed,AC14,Ablution blocks,Constructed,,Floodlights,Installed,AC20,Street lights and power connections,Constructed,AC21,Markets and commercial facilities,Constructed,,Sewer lines,Installed,AC25,Water kiosks,Installed,,Footpaths,Constructed,AC17,Y,no project_location link
comp11_titles,Comp 1.1 Approved Plans and Exp TITLES.docx,,PHASE I (LOT 5),Machakos,Mavoko,Kwa Mangeli,,,,Cluster 2,194,Kwa Mang'eli,CBom6E,exact,100,16,80,154,"Survey and Planning In Selected Informal Setlements In Machakos, Tharaka Nithi and Kiambu County Cluster 2 Phase I Lot 5",MLHUD/KISIP/CS/TBD,settlement_project_location,130,538,228,,PHASE I (LOT 5),Cluster 2,,,,,,,,,,,,,,,,,,,,,,,Access roads,Constructed,AC15,Storm water drainage,Constructed,AC23,Water reticulation pipes,Constructed,AC42,Household water connections,Installed,AC14,Ablution blocks,Constructed,,Floodlights,Installed,AC20,Street lights and power connections,Constructed,AC21,Markets and commercial facilities,Constructed,,Sewer lines,Installed,AC25,Water kiosks,Installed,,Footpaths,Constructed,AC17,Y,
comp11_titles,Comp 1.1 Approved Plans and Exp TITLES.docx,,PHASE I (LOT 5),Machakos,Mavoko,Jam City,,,,Cluster 2,192,Jam City,Z8ttV5,exact,100,16,80,154,"Survey and Planning In Selected Informal Setlements In Machakos, Tharaka Nithi and Kiambu County Cluster 2 Phase I Lot 5",MLHUD/KISIP/CS/TBD,settlement_project_location,130,539,132,,PHASE I (LOT 5),Cluster 2,,,,,,,,,,,,,,,,,,,,,,,Access roads,Constructed,AC15,Storm water drainage,Constructed,AC23,Water reticulation pipes,Constructed,AC42,Household water connections,Installed,AC14,Ablution blocks,Constructed,,Floodlights,Installed,AC20,Street lights and power connections,Constructed,AC21,Markets and commercial facilities,Constructed,,Sewer lines,Installed,AC25,Water kiosks,Installed,,Footpaths,Constructed,AC17,Y,
comp11_titles,Comp 1.1 Approved Plans and Exp TITLES.docx,,PHASE I (LOT 5),Machakos,Mavoko,Kwa Nzomo,,,,Cluster 2,195,Kwa Nzomo,wJKzDJ,exact,100,16,80,154,"Survey and Planning In Selected Informal Setlements In Machakos, Tharaka Nithi and Kiambu County Cluster 2 Phase I Lot 5",MLHUD/KISIP/CS/TBD,settlement_project_location,130,540,131,,PHASE I (LOT 5),Cluster 2,,,,,,,,,,,,,,,,,,,,,,,Access roads,Constructed,AC15,Storm water drainage,Constructed,AC23,Water reticulation pipes,Constructed,AC42,Household water connections,Installed,AC14,Ablution blocks,Constructed,,Floodlights,Installed,AC20,Street lights and power connections,Constructed,AC21,Markets and commercial facilities,Constructed,,Sewer lines,Installed,AC25,Water kiosks,Installed,,Footpaths,Constructed,AC17,Y,
comp11_titles,Comp 1.1 Approved Plans and Exp TITLES.docx,,PHASE I (LOT 5),Tharaka Nithi,Chuka,Muslim village,,,,Cluster 2,334,Mugui/Muslim Village,sett398,fuzzy,113,13,61,154,"Survey and Planning In Selected Informal Setlements In Machakos, Tharaka Nithi and Kiambu County Cluster 2 Phase I Lot 5",MLHUD/KISIP/CS/TBD,settlement_project_location,130,541,94,,PHASE I (LOT 5),Cluster 2,,,,,,,,,,,,,,,,,,,,,,,Access roads,Constructed,AC15,Storm water drainage,Constructed,AC23,Water reticulation pipes,Constructed,AC42,Household water connections,Installed,AC14,Ablution blocks,Constructed,,Floodlights,Installed,AC20,Street lights and power connections,Constructed,AC21,Markets and commercial facilities,Constructed,,Sewer lines,Installed,AC25,Water kiosks,Installed,,Footpaths,Constructed,AC17,Y,
comp11_titles,Comp 1.1 Approved Plans and Exp TITLES.docx,,PHASE I (LOT 5),Kiambu,Kikuyu,Kiamburi,,,,Cluster 2,139,Kiamburi,1SfeN0kez,exact,100,22,120,154,"Survey and Planning In Selected Informal Setlements In Machakos, Tharaka Nithi and Kiambu County Cluster 2 Phase I Lot 5",MLHUD/KISIP/CS/TBD,settlement_project_location,130,542,228,,PHASE I (LOT 5),Cluster 2,,,,,,,,,,,,,,,,,,,,,,,Access roads,Constructed,AC15,Storm water drainage,Constructed,AC23,Water reticulation pipes,Constructed,AC42,Household water connections,Installed,AC14,Ablution blocks,Constructed,,Floodlights,Installed,AC20,Street lights and power connections,Constructed,AC21,Markets and commercial facilities,Constructed,,Sewer lines,Installed,AC25,Water kiosks,Installed,,Footpaths,Constructed,AC17,Y,
comp11_titles,Comp 1.1 Approved Plans and Exp TITLES.docx,,PHASE I (LOT 5),Kiambu,Thika,Matharau,,,,Cluster 2,142,Matharau,csYH1EL2w,exact,100,22,114,154,"Survey and Planning In Selected Informal Setlements In Machakos, Tharaka Nithi and Kiambu County Cluster 2 Phase I Lot 5",MLHUD/KISIP/CS/TBD,settlement_project_location,130,543,257,,PHASE I (LOT 5),Cluster 2,,,,,,,,,,,,,,,,,,,,,,,Access roads,Constructed,AC15,Storm water drainage,Constructed,AC23,Water reticulation pipes,Constructed,AC42,Household water connections,Installed,AC14,Ablution blocks,Constructed,,Floodlights,Installed,AC20,Street lights and power connections,Constructed,AC21,Markets and commercial facilities,Constructed,,Sewer lines,Installed,AC25,Water kiosks,Installed,,Footpaths,Constructed,AC17,Y,
comp11_titles,Comp 1.1 Approved Plans and Exp TITLES.docx,,PHASE I (LOT 5),Kiambu,Kikuyu,Kanjeru,,,,Cluster 2,138,Kanjeru,5D9rGij8g,exact,100,22,120,154,"Survey and Planning In Selected Informal Setlements In Machakos, Tharaka Nithi and Kiambu County Cluster 2 Phase I Lot 5",MLHUD/KISIP/CS/TBD,settlement_project_location,130,544,144,,PHASE I (LOT 5),Cluster 2,,,,,,,,,,,,,,,,,,,,,,,Access roads,Constructed,AC15,Storm water drainage,Constructed,AC23,Water reticulation pipes,Constructed,AC42,Household water connections,Installed,AC14,Ablution blocks,Constructed,,Floodlights,Installed,AC20,Street lights and power connections,Constructed,AC21,Markets and commercial facilities,Constructed,,Sewer lines,Installed,AC25,Water kiosks,Installed,,Footpaths,Constructed,AC17,Y,
comp11_titles,Comp 1.1 Approved Plans and Exp TITLES.docx,,PHASE I (LOT 5),Kiambu,Limuru,Shauri Yako,,,,Cluster 2,1909,Shauri Yako - Kinoo,Kiambu202609,fuzzy,108,22,121,154,"Survey and Planning In Selected Informal Setlements In Machakos, Tharaka Nithi and Kiambu County Cluster 2 Phase I Lot 5",MLHUD/KISIP/CS/TBD,lot_cluster_fuzzy,77,,32,,PHASE I (LOT 5),Cluster 2,,,,,,,,,,,,,,,,,,,,,,,Access roads,Constructed,AC15,Storm water drainage,Constructed,AC23,Water reticulation pipes,Constructed,AC42,Household water connections,Installed,AC14,Ablution blocks,Constructed,,Floodlights,Installed,AC20,Street lights and power connections,Constructed,AC21,Markets and commercial facilities,Constructed,,Sewer lines,Installed,AC25,Water kiosks,Installed,,Footpaths,Constructed,AC17,Y,no project_location link
comp11_titles,Comp 1.1 Approved Plans and Exp TITLES.docx,,PHASE I (LOT 5),Kiambu,Thika,Kiandutu,,,,Cluster 2,140,Kiandutu,iCZznlCow,exact,100,22,114,154,"Survey and Planning In Selected Informal Setlements In Machakos, Tharaka Nithi and Kiambu County Cluster 2 Phase I Lot 5",MLHUD/KISIP/CS/TBD,settlement_project_location,130,545,4342,,PHASE I (LOT 5),Cluster 2,,,,,,,,,,,,,,,,,,,,,,,Access roads,Constructed,AC15,Storm water drainage,Constructed,AC23,Water reticulation pipes,Constructed,AC42,Household water connections,Installed,AC14,Ablution blocks,Constructed,,Floodlights,Installed,AC20,Street lights and power connections,Constructed,AC21,Markets and commercial facilities,Constructed,,Sewer lines,Installed,AC25,Water kiosks,Installed,,Footpaths,Constructed,AC17,Y,
comp11_titles,Comp 1.1 Approved Plans and Exp TITLES.docx,,PHASE I (LOT 5),West Pokot,West Pokot,Aramaget,,,,Cluster 3,273,Aramaget,BzTDAcUM-,exact,100,24,,155,"Survey and Planning In Selected Informal Setlements In West Pokot, Trans nzoia, Bungoma, Homa Bay County Cluster 3 Phase I Lot 5",MLHUD/KISIP/CS/TBD,settlement_project_location,130,546,123,,PHASE I (LOT 5),Cluster 3,,,,,,,,,,,,,,,,,,,,,,,Access roads,Constructed,AC15,Storm water drainage,Constructed,AC23,Water reticulation pipes,Constructed,AC42,Household water connections,Installed,AC14,Ablution blocks,Constructed,,Floodlights,Installed,AC20,Street lights and power connections,Constructed,AC21,Markets and commercial facilities,Constructed,,Sewer lines,Installed,AC25,Water kiosks,Installed,,Footpaths,Constructed,AC17,Y,
comp11_titles,Comp 1.1 Approved Plans and Exp TITLES.docx,,PHASE I (LOT 5),West Pokot,Pokot South,Kabichbich,,,,Cluster 3,274,Kabichbich,MqtAGnlCq,exact,100,24,132,155,"Survey and Planning In Selected Informal Setlements In West Pokot, Trans nzoia, Bungoma, Homa Bay County Cluster 3 Phase I Lot 5",MLHUD/KISIP/CS/TBD,settlement_project_location,130,547,91,,PHASE I (LOT 5),Cluster 3,,,,,,,,,,,,,,,,,,,,,,,Access roads,Constructed,AC15,Storm water drainage,Constructed,AC23,Water reticulation pipes,Constructed,AC42,Household water connections,Installed,AC14,Ablution blocks,Constructed,,Floodlights,Installed,AC20,Street lights and power connections,Constructed,AC21,Markets and commercial facilities,Constructed,,Sewer lines,Installed,AC25,Water kiosks,Installed,,Footpaths,Constructed,AC17,Y,
comp11_titles,Comp 1.1 Approved Plans and Exp TITLES.docx,,PHASE I (LOT 5),West Pokot,Pokot South,Chepareria,,,,Cluster 3,873,Chepareria,dYPBE3uGU,exact,100,24,132,155,"Survey and Planning In Selected Informal Setlements In West Pokot, Trans nzoia, Bungoma, Homa Bay County Cluster 3 Phase I Lot 5",MLHUD/KISIP/CS/TBD,settlement_project_location,130,548,104,,PHASE I (LOT 5),Cluster 3,,,,,,,,,,,,,,,,,,,,,,,Access roads,Constructed,AC15,Storm water drainage,Constructed,AC23,Water reticulation pipes,Constructed,AC42,Household water connections,Installed,AC14,Ablution blocks,Constructed,,Floodlights,Installed,AC20,Street lights and power connections,Constructed,AC21,Markets and commercial facilities,Constructed,,Sewer lines,Installed,AC25,Water kiosks,Installed,,Footpaths,Constructed,AC17,Y,
comp11_titles,Comp 1.1 Approved Plans and Exp TITLES.docx,,PHASE I (LOT 5),West Pokot,Pokot South,Makutano,,,,Cluster 3,874,Makutano,XZSz8zuaJ,exact,100,24,132,155,"Survey and Planning In Selected Informal Setlements In West Pokot, Trans nzoia, Bungoma, Homa Bay County Cluster 3 Phase I Lot 5",MLHUD/KISIP/CS/TBD,settlement_project_location,130,549,141,,PHASE I (LOT 5),Cluster 3,,,,,,,,,,,,,,,,,,,,,,,Access roads,Constructed,AC15,Storm water drainage,Constructed,AC23,Water reticulation pipes,Constructed,AC42,Household water connections,Installed,AC14,Ablution blocks,Constructed,,Floodlights,Installed,AC20,Street lights and power connections,Constructed,AC21,Markets and commercial facilities,Constructed,,Sewer lines,Installed,AC25,Water kiosks,Installed,,Footpaths,Constructed,AC17,Y,
comp11_titles,Comp 1.1 Approved Plans and Exp TITLES.docx,,PHASE I (LOT 5),Bungoma,Webuye East,Nangeni,,,,Cluster 3,115,Nangeni,sett106,exact,100,39,221,155,"Survey and Planning In Selected Informal Setlements In West Pokot, Trans nzoia, Bungoma, Homa Bay County Cluster 3 Phase I Lot 5",MLHUD/KISIP/CS/TBD,settlement_project_location,130,550,44,,PHASE I (LOT 5),Cluster 3,,,,,,,,,,,,,,,,,,,,,,,Access roads,Constructed,AC15,Storm water drainage,Constructed,AC23,Water reticulation pipes,Constructed,AC42,Household water connections,Installed,AC14,Ablution blocks,Constructed,,Floodlights,Installed,AC20,Street lights and power connections,Constructed,AC21,Markets and commercial facilities,Constructed,,Sewer lines,Installed,AC25,Water kiosks,Installed,,Footpaths,Constructed,AC17,Y,
comp11_titles,Comp 1.1 Approved Plans and Exp TITLES.docx,,PHASE I (LOT 5),Trans Nzoia,Kiminini,Shimo la Tewa,,,,Cluster 3,257,Shimo La Tewa,yrfFDN4kT,exact,100,26,139,155,"Survey and Planning In Selected Informal Setlements In West Pokot, Trans nzoia, Bungoma, Homa Bay County Cluster 3 Phase I Lot 5",MLHUD/KISIP/CS/TBD,settlement_project_location,130,551,72,,PHASE I (LOT 5),Cluster 3,,,,,,,,,,,,,,,,,,,,,,,Access roads,Constructed,AC15,Storm water drainage,Constructed,AC23,Water reticulation pipes,Constructed,AC42,Household water connections,Installed,AC14,Ablution blocks,Constructed,,Floodlights,Installed,AC20,Street lights and power connections,Constructed,AC21,Markets and commercial facilities,Constructed,,Sewer lines,Installed,AC25,Water kiosks,Installed,,Footpaths,Constructed,AC17,Y,
comp11_titles,Comp 1.1 Approved Plans and Exp TITLES.docx,,PHASE I (LOT 5),Homa Bay,Rachuonyo North,Kijijini (Kendu Bay Old Town),,,,Cluster 3,1481,Kijijini Kendu Bay,e9333eae-238f-43a8-97e6-7307b34b1f9a,fuzzy,108,43,,155,"Survey and Planning In Selected Informal Setlements In West Pokot, Trans nzoia, Bungoma, Homa Bay County Cluster 3 Phase I Lot 5",MLHUD/KISIP/CS/TBD,lot_cluster_fuzzy,77,,76,,PHASE I (LOT 5),Cluster 3,,,,,,,,,,,,,,,,,,,,,,,Access roads,Constructed,AC15,Storm water drainage,Constructed,AC23,Water reticulation pipes,Constructed,AC42,Household water connections,Installed,AC14,Ablution blocks,Constructed,,Floodlights,Installed,AC20,Street lights and power connections,Constructed,AC21,Markets and commercial facilities,Constructed,,Sewer lines,Installed,AC25,Water kiosks,Installed,,Footpaths,Constructed,AC17,Y,no project_location link
comp11_titles,Comp 1.1 Approved Plans and Exp TITLES.docx,,PHASE I (LOT 5),Homa Bay,Ndhiwa,Ndhiwa Settlement,,,,Cluster 3,1336,Ndhiwa,RbqswfGJ,exact,100,43,250,155,"Survey and Planning In Selected Informal Setlements In West Pokot, Trans nzoia, Bungoma, Homa Bay County Cluster 3 Phase I Lot 5",MLHUD/KISIP/CS/TBD,lot_cluster_fuzzy,77,,132,,PHASE I (LOT 5),Cluster 3,,,,,,,,,,,,,,,,,,,,,,,Access roads,Constructed,AC15,Storm water drainage,Constructed,AC23,Water reticulation pipes,Constructed,AC42,Household water connections,Installed,AC14,Ablution blocks,Constructed,,Floodlights,Installed,AC20,Street lights and power connections,Constructed,AC21,Markets and commercial facilities,Constructed,,Sewer lines,Installed,AC25,Water kiosks,Installed,,Footpaths,Constructed,AC17,Y,no project_location link
comp11_titles,Comp 1.1 Approved Plans and Exp TITLES.docx,,PHASE I (LOT 5),Tana River,Tana River,Makaburini,,,,Cluster 4,242,Makaburini,sett258,exact,100,4,,156,Survey and Planning In 9 Selected Informal Setlements InTana River County Cluster 4 Phase I Lot 5(Rennaissance),MLHUD/KISIP/CS/TBD,settlement_project_location,130,553,319,,PHASE I (LOT 5),Cluster 4,,,,,,,,,,,,,,,,,,,,,,,Access roads,Constructed,AC15,Storm water drainage,Constructed,AC23,Water reticulation pipes,Constructed,AC42,Household water connections,Installed,AC14,Ablution blocks,Constructed,,Floodlights,Installed,AC20,Street lights and power connections,Constructed,AC21,Markets and commercial facilities,Constructed,,Sewer lines,Installed,AC25,Water kiosks,Installed,,Footpaths,Constructed,AC17,Y,
comp11_titles,Comp 1.1 Approved Plans and Exp TITLES.docx,,PHASE I (LOT 5),Tana River,Tana Delta,Bora Imani,,,,Cluster 4,872,Bora Imani,dlni96iKC,exact,100,4,,156,Survey and Planning In 9 Selected Informal Setlements InTana River County Cluster 4 Phase I Lot 5(Rennaissance),MLHUD/KISIP/CS/TBD,settlement_project_location,130,554,132,,PHASE I (LOT 5),Cluster 4,,,,,,,,,,,,,,,,,,,,,,,Access roads,Constructed,AC15,Storm water drainage,Constructed,AC23,Water reticulation pipes,Constructed,AC42,Household water connections,Installed,AC14,Ablution blocks,Constructed,,Floodlights,Installed,AC20,Street lights and power connections,Constructed,AC21,Markets and commercial facilities,Constructed,,Sewer lines,Installed,AC25,Water kiosks,Installed,,Footpaths,Constructed,AC17,Y,
comp11_titles,Comp 1.1 Approved Plans and Exp TITLES.docx,,PHASE I (LOT 5),Tana River,Tana River,Kibuyu,,,,Cluster 4,241,Kibuyu,sett257,exact,100,4,,156,Survey and Planning In 9 Selected Informal Setlements InTana River County Cluster 4 Phase I Lot 5(Rennaissance),MLHUD/KISIP/CS/TBD,settlement_project_location,130,555,274,,PHASE I (LOT 5),Cluster 4,,,,,,,,,,,,,,,,,,,,,,,Access roads,Constructed,AC15,Storm water drainage,Constructed,AC23,Water reticulation pipes,Constructed,AC42,Household water connections,Installed,AC14,Ablution blocks,Constructed,,Floodlights,Installed,AC20,Street lights and power connections,Constructed,AC21,Markets and commercial facilities,Constructed,,Sewer lines,Installed,AC25,Water kiosks,Installed,,Footpaths,Constructed,AC17,Y,
comp11_titles,Comp 1.1 Approved Plans and Exp TITLES.docx,,PHASE I (LOT 5),Tana River,Tana Delta,Jua Kali,,,,Cluster 4,246,Jua Kali,sett256,exact,100,4,,156,Survey and Planning In 9 Selected Informal Setlements InTana River County Cluster 4 Phase I Lot 5(Rennaissance),MLHUD/KISIP/CS/TBD,settlement_project_location,130,556,130,,PHASE I (LOT 5),Cluster 4,,,,,,,,,,,,,,,,,,,,,,,Access roads,Constructed,AC15,Storm water drainage,Constructed,AC23,Water reticulation pipes,Constructed,AC42,Household water connections,Installed,AC14,Ablution blocks,Constructed,,Floodlights,Installed,AC20,Street lights and power connections,Constructed,AC21,Markets and commercial facilities,Constructed,,Sewer lines,Installed,AC25,Water kiosks,Installed,,Footpaths,Constructed,AC17,Y,
comp11_titles,Comp 1.1 Approved Plans and Exp TITLES.docx,,PHASE I (LOT 5),Tana River,Tana North,Bura,,,,Cluster 4,238,Bura,sett253,exact,100,4,,156,Survey and Planning In 9 Selected Informal Setlements InTana River County Cluster 4 Phase I Lot 5(Rennaissance),MLHUD/KISIP/CS/TBD,settlement_project_location,130,557,451,,PHASE I (LOT 5),Cluster 4,,,,,,,,,,,,,,,,,,,,,,,Access roads,Constructed,AC15,Storm water drainage,Constructed,AC23,Water reticulation pipes,Constructed,AC42,Household water connections,Installed,AC14,Ablution blocks,Constructed,,Floodlights,Installed,AC20,Street lights and power connections,Constructed,AC21,Markets and commercial facilities,Constructed,,Sewer lines,Installed,AC25,Water kiosks,Installed,,Footpaths,Constructed,AC17,Y,
comp11_titles,Comp 1.1 Approved Plans and Exp TITLES.docx,,PHASE I (LOT 5),Tana River,Tana River,Hola Mission,,,,Cluster 4,240,Hola Mission,sett255,exact,100,4,,156,Survey and Planning In 9 Selected Informal Setlements InTana River County Cluster 4 Phase I Lot 5(Rennaissance),MLHUD/KISIP/CS/TBD,settlement_project_location,130,558,127,,PHASE I (LOT 5),Cluster 4,,,,,,,,,,,,,,,,,,,,,,,Access roads,Constructed,AC15,Storm water drainage,Constructed,AC23,Water reticulation pipes,Constructed,AC42,Household water connections,Installed,AC14,Ablution blocks,Constructed,,Floodlights,Installed,AC20,Street lights and power connections,Constructed,AC21,Markets and commercial facilities,Constructed,,Sewer lines,Installed,AC25,Water kiosks,Installed,,Footpaths,Constructed,AC17,Y,
comp11_titles,Comp 1.1 Approved Plans and Exp TITLES.docx,,PHASE I (LOT 5),Tana River,Tana River,Chewani,,,,Cluster 4,239,Chewani,sett254,exact,100,4,,156,Survey and Planning In 9 Selected Informal Setlements InTana River County Cluster 4 Phase I Lot 5(Rennaissance),MLHUD/KISIP/CS/TBD,settlement_project_location,130,559,148,,PHASE I (LOT 5),Cluster 4,,,,,,,,,,,,,,,,,,,,,,,Access roads,Constructed,AC15,Storm water drainage,Constructed,AC23,Water reticulation pipes,Constructed,AC42,Household water connections,Installed,AC14,Ablution blocks,Constructed,,Floodlights,Installed,AC20,Street lights and power connections,Constructed,AC21,Markets and commercial facilities,Constructed,,Sewer lines,Installed,AC25,Water kiosks,Installed,,Footpaths,Constructed,AC17,Y,
comp11_titles,Comp 1.1 Approved Plans and Exp TITLES.docx,,PHASE I (LOT 5),Tana River,Tana River,Malindi ya Ngwena,,,,Cluster 4,244,Malindi ya Ngwena,sett259,exact,100,4,,156,Survey and Planning In 9 Selected Informal Setlements InTana River County Cluster 4 Phase I Lot 5(Rennaissance),MLHUD/KISIP/CS/TBD,settlement_project_location,130,560,189,,PHASE I (LOT 5),Cluster 4,,,,,,,,,,,,,,,,,,,,,,,Access roads,Constructed,AC15,Storm water drainage,Constructed,AC23,Water reticulation pipes,Constructed,AC42,Household water connections,Installed,AC14,Ablution blocks,Constructed,,Floodlights,Installed,AC20,Street lights and power connections,Constructed,AC21,Markets and commercial facilities,Constructed,,Sewer lines,Installed,AC25,Water kiosks,Installed,,Footpaths,Constructed,AC17,Y,
comp11_titles,Comp 1.1 Approved Plans and Exp TITLES.docx,,PHASE I (LOT 5),Tana River,Tana River,Wachakone,,,,Cluster 4,247,Wachakone,sett262,exact,100,4,,156,Survey and Planning In 9 Selected Informal Setlements InTana River County Cluster 4 Phase I Lot 5(Rennaissance),MLHUD/KISIP/CS/TBD,settlement_project_location,130,561,134,,PHASE I (LOT 5),Cluster 4,,,,,,,,,,,,,,,,,,,,,,,Access roads,Constructed,AC15,Storm water drainage,Constructed,AC23,Water reticulation pipes,Constructed,AC42,Household water connections,Installed,AC14,Ablution blocks,Constructed,,Floodlights,Installed,AC20,Street lights and power connections,Constructed,AC21,Markets and commercial facilities,Constructed,,Sewer lines,Installed,AC25,Water kiosks,Installed,,Footpaths,Constructed,AC17,Y,
comp11_titles,Comp 1.1 Approved Plans and Exp TITLES.docx,,PHASE IIA (LOT 6),Mombasa,Tana River,Kisimani – Kwa Ndegwa,,,,Cluster 1,207,Kisimani – kwa Ndegwa,sett205,exact,100,1,,98,"Survey and Planning In Selected Informal Setlements In Mombasa, kwale and Tana river counties Cluster 1(Geodev)",KE-MOTI-382543-CS-QCBS,settlement_project_location,130,208,33,,PHASE IIA (LOT 6),Cluster 1,,,,,,,,,,,,,,,,,,,,,,,Access roads,Constructed,AC15,Storm water drainage,Constructed,AC23,Water reticulation pipes,Constructed,AC42,Household water connections,Installed,AC14,Ablution blocks,Constructed,,Floodlights,Installed,AC20,Street lights and power connections,Constructed,AC21,Markets and commercial facilities,Constructed,,Sewer lines,Installed,AC25,Water kiosks,Installed,,Footpaths,Constructed,AC17,Y,
comp11_titles,Comp 1.1 Approved Plans and Exp TITLES.docx,,PHASE IIA (LOT 6),Mombasa,Likoni,Kikambala,,,,Cluster 1,631,Mweza Mtongwe(Kikambala),sett718,fuzzy,113,1,5,99,Survey and Planning In Selected Informal Setlements In Baringo and Nandi counties  Cluster 2(Ecoplan),KE-MOTI-382544-CS-QCBS,settlement_project_location,130,518,429,,PHASE IIA (LOT 6),Cluster 1,,,,,,,,,,,,,,,,,,,,,,,Access roads,Constructed,AC15,Storm water drainage,Constructed,AC23,Water reticulation pipes,Constructed,AC42,Household water connections,Installed,AC14,Ablution blocks,Constructed,,Floodlights,Installed,AC20,Street lights and power connections,Constructed,AC21,Markets and commercial facilities,Constructed,,Sewer lines,Installed,AC25,Water kiosks,Installed,,Footpaths,Constructed,AC17,Y,
comp11_titles,Comp 1.1 Approved Plans and Exp TITLES.docx,,PHASE IIA (LOT 6),Mombasa,Likoni,Kibundani,,,,Cluster 1,205,Kibundani,sett201,exact,100,1,5,98,"Survey and Planning In Selected Informal Setlements In Mombasa, kwale and Tana river counties Cluster 1(Geodev)",KE-MOTI-382543-CS-QCBS,settlement_project_location,130,210,751,,PHASE IIA (LOT 6),Cluster 1,,,,,,,,,,,,,,,,,,,,,,,Access roads,Constructed,AC15,Storm water drainage,Constructed,AC23,Water reticulation pipes,Constructed,AC42,Household water connections,Installed,AC14,Ablution blocks,Constructed,,Floodlights,Installed,AC20,Street lights and power connections,Constructed,AC21,Markets and commercial facilities,Constructed,,Sewer lines,Installed,AC25,Water kiosks,Installed,,Footpaths,Constructed,AC17,Y,
comp11_titles,Comp 1.1 Approved Plans and Exp TITLES.docx,,PHASE IIA (LOT 6),Mombasa,Likoni,Basra,,,,Cluster 1,956,Basra(Mombasa),JAbY0wIuv,fuzzy,113,1,5,99,Survey and Planning In Selected Informal Setlements In Baringo and Nandi counties  Cluster 2(Ecoplan),KE-MOTI-382544-CS-QCBS,settlement_project_location,130,520,395,,PHASE IIA (LOT 6),Cluster 1,,,,,,,,,,,,,,,,,,,,,,,Access roads,Constructed,AC15,Storm water drainage,Constructed,AC23,Water reticulation pipes,Constructed,AC42,Household water connections,Installed,AC14,Ablution blocks,Constructed,,Floodlights,Installed,AC20,Street lights and power connections,Constructed,AC21,Markets and commercial facilities,Constructed,,Sewer lines,Installed,AC25,Water kiosks,Installed,,Footpaths,Constructed,AC17,Y,
comp11_titles,Comp 1.1 Approved Plans and Exp TITLES.docx,,PHASE IIA (LOT 6),Kwale,Kinango,Kinango,,,,Cluster 1,183,Kinango,sett178,exact,100,2,10,98,"Survey and Planning In Selected Informal Setlements In Mombasa, kwale and Tana river counties Cluster 1(Geodev)",KE-MOTI-382543-CS-QCBS,settlement_project_location,130,211,318,,PHASE IIA (LOT 6),Cluster 1,,,,,,,,,,,,,,,,,,,,,,,Access roads,Constructed,AC15,Storm water drainage,Constructed,AC23,Water reticulation pipes,Constructed,AC42,Household water connections,Installed,AC14,Ablution blocks,Constructed,,Floodlights,Installed,AC20,Street lights and power connections,Constructed,AC21,Markets and commercial facilities,Constructed,,Sewer lines,Installed,AC25,Water kiosks,Installed,,Footpaths,Constructed,AC17,Y,
comp11_titles,Comp 1.1 Approved Plans and Exp TITLES.docx,,PHASE IIA (LOT 6),Kwale,Kinango,Jeza B1,,,,Cluster 1,182,Jeza B(B1 & B2),sett177,fuzzy,108,2,10,98,"Survey and Planning In Selected Informal Setlements In Mombasa, kwale and Tana river counties Cluster 1(Geodev)",KE-MOTI-382543-CS-QCBS,settlement_project_location,130,214,325,,PHASE IIA (LOT 6),Cluster 1,,,,,,,,,,,,,,,,,,,,,,,Access roads,Constructed,AC15,Storm water drainage,Constructed,AC23,Water reticulation pipes,Constructed,AC42,Household water connections,Installed,AC14,Ablution blocks,Constructed,,Floodlights,Installed,AC20,Street lights and power connections,Constructed,AC21,Markets and commercial facilities,Constructed,,Sewer lines,Installed,AC25,Water kiosks,Installed,,Footpaths,Constructed,AC17,Y,
comp11_titles,Comp 1.1 Approved Plans and Exp TITLES.docx,,PHASE IIA (LOT 6),Kwale,Kinango,Jeza B2,,,,Cluster 1,182,Jeza B(B1 & B2),sett177,fuzzy,108,2,10,98,"Survey and Planning In Selected Informal Setlements In Mombasa, kwale and Tana river counties Cluster 1(Geodev)",KE-MOTI-382543-CS-QCBS,settlement_project_location,130,214,205,,PHASE IIA (LOT 6),Cluster 1,,,,,,,,,,,,,,,,,,,,,,,Access roads,Constructed,AC15,Storm water drainage,Constructed,AC23,Water reticulation pipes,Constructed,AC42,Household water connections,Installed,AC14,Ablution blocks,Constructed,,Floodlights,Installed,AC20,Street lights and power connections,Constructed,AC21,Markets and commercial facilities,Constructed,,Sewer lines,Installed,AC25,Water kiosks,Installed,,Footpaths,Constructed,AC17,Y,
comp11_titles,Comp 1.1 Approved Plans and Exp TITLES.docx,,PHASE IIA (LOT 6),Tana River,Kinango,Ghalla,,,,Cluster 1,957,Ghala,vEZpLGyhLhaD6pmFYfhhcj,fuzzy,99,4,,99,Survey and Planning In Selected Informal Setlements In Baringo and Nandi counties  Cluster 2(Ecoplan),KE-MOTI-382544-CS-QCBS,settlement_project_location,130,524,477,,PHASE IIA (LOT 6),Cluster 1,,,,,,,,,,,,,,,,,,,,,,,Access roads,Constructed,AC15,Storm water drainage,Constructed,AC23,Water reticulation pipes,Constructed,AC42,Household water connections,Installed,AC14,Ablution blocks,Constructed,,Floodlights,Installed,AC20,Street lights and power connections,Constructed,AC21,Markets and commercial facilities,Constructed,,Sewer lines,Installed,AC25,Water kiosks,Installed,,Footpaths,Constructed,AC17,Y,
comp11_titles,Comp 1.1 Approved Plans and Exp TITLES.docx,,PHASE IIA (LOT 6),Tana River,Kinango,Mwangaza,,,,Cluster 1,245,Mwangaza,sett261,exact,100,4,,99,Survey and Planning In Selected Informal Setlements In Baringo and Nandi counties  Cluster 2(Ecoplan),KE-MOTI-382544-CS-QCBS,settlement_project_location,130,525,614,,PHASE IIA (LOT 6),Cluster 1,,,,,,,,,,,,,,,,,,,,,,,Access roads,Constructed,AC15,Storm water drainage,Constructed,AC23,Water reticulation pipes,Constructed,AC42,Household water connections,Installed,AC14,Ablution blocks,Constructed,,Floodlights,Installed,AC20,Street lights and power connections,Constructed,AC21,Markets and commercial facilities,Constructed,,Sewer lines,Installed,AC25,Water kiosks,Installed,,Footpaths,Constructed,AC17,Y,
comp11_titles,Comp 1.1 Approved Plans and Exp TITLES.docx,,PHASE IIA (LOT 6),Baringo,Kinango,Nubian (Eldama Ravine),,,,Cluster 2,1802,Nubian,Sett_B001,fuzzy,108,30,,158,Survey and Planning In Selected Informal Setlements In Turkana County Cluster 3 Phase IIA Lot 6(Renaissance),MLHUD/KISIP/CS/TBD,lot_cluster_fuzzy,52,,216,,PHASE IIA (LOT 6),Cluster 2,,,,,,,,,,,,,,,,,,,,,,,Access roads,Constructed,AC15,Storm water drainage,Constructed,AC23,Water reticulation pipes,Constructed,AC42,Household water connections,Installed,AC14,Ablution blocks,Constructed,,Floodlights,Installed,AC20,Street lights and power connections,Constructed,AC21,Markets and commercial facilities,Constructed,,Sewer lines,Installed,AC25,Water kiosks,Installed,,Footpaths,Constructed,AC17,Y,no project_location link
comp11_titles,Comp 1.1 Approved Plans and Exp TITLES.docx,,PHASE IIA (LOT 6),Baringo,Kinango,Shauri (timboroa),,,,Cluster 2,114,Shauri Moja,sett102,fuzzy,108,30,,157,Survey and Planning In Selected Informal Settlements In Baringo and Turkana County Cluster 2 Phase IIB Lot 7(Geoloc),MLHUD/KISIP/CS/TBD,settlement_project_location,130,563,143,,PHASE IIA (LOT 6),Cluster 2,,,,,,,,,,,,,,,,,,,,,,,Access roads,Constructed,AC15,Storm water drainage,Constructed,AC23,Water reticulation pipes,Constructed,AC42,Household water connections,Installed,AC14,Ablution blocks,Constructed,,Floodlights,Installed,AC20,Street lights and power connections,Constructed,AC21,Markets and commercial facilities,Constructed,,Sewer lines,Installed,AC25,Water kiosks,Installed,,Footpaths,Constructed,AC17,Y,
comp11_titles,Comp 1.1 Approved Plans and Exp TITLES.docx,,PHASE IIA (LOT 6),Baringo,Kinango,Katorong’ot(Mogotio),,,,Cluster 2,843,Katorong'ot ,qX8PUkshdaxwCfsy76mybh,fuzzy,108,30,,157,Survey and Planning In Selected Informal Settlements In Baringo and Turkana County Cluster 2 Phase IIB Lot 7(Geoloc),MLHUD/KISIP/CS/TBD,settlement_project_location,130,564,340,,PHASE IIA (LOT 6),Cluster 2,,,,,,,,,,,,,,,,,,,,,,,Access roads,Constructed,AC15,Storm water drainage,Constructed,AC23,Water reticulation pipes,Constructed,AC42,Household water connections,Installed,AC14,Ablution blocks,Constructed,,Floodlights,Installed,AC20,Street lights and power connections,Constructed,AC21,Markets and commercial facilities,Constructed,,Sewer lines,Installed,AC25,Water kiosks,Installed,,Footpaths,Constructed,AC17,Y,
comp11_titles,Comp 1.1 Approved Plans and Exp TITLES.docx,,PHASE IIA (LOT 6),Nandi,Kinango,Kaptumo,,,,Cluster 2,223,Kaptumo,4fyFKUf7giDRSjBUWMBQ9Y,exact,100,29,,99,Survey and Planning In Selected Informal Setlements In Baringo and Nandi counties  Cluster 2(Ecoplan),KE-MOTI-382544-CS-QCBS,settlement_project_location,130,218,78,,PHASE IIA (LOT 6),Cluster 2,,,,,,,,,,,,,,,,,,,,,,,Access roads,Constructed,AC15,Storm water drainage,Constructed,AC23,Water reticulation pipes,Constructed,AC42,Household water connections,Installed,AC14,Ablution blocks,Constructed,,Floodlights,Installed,AC20,Street lights and power connections,Constructed,AC21,Markets and commercial facilities,Constructed,,Sewer lines,Installed,AC25,Water kiosks,Installed,,Footpaths,Constructed,AC17,Y,
comp11_titles,Comp 1.1 Approved Plans and Exp TITLES.docx,,PHASE IIA (LOT 6),Nandi,Kinango,Kaiboi,,,,Cluster 2,220,Kaiboi,sett231,exact,100,29,,99,Survey and Planning In Selected Informal Setlements In Baringo and Nandi counties  Cluster 2(Ecoplan),KE-MOTI-382544-CS-QCBS,settlement_project_location,130,219,27,,PHASE IIA (LOT 6),Cluster 2,,,,,,,,,,,,,,,,,,,,,,,Access roads,Constructed,AC15,Storm water drainage,Constructed,AC23,Water reticulation pipes,Constructed,AC42,Household water connections,Installed,AC14,Ablution blocks,Constructed,,Floodlights,Installed,AC20,Street lights and power connections,Constructed,AC21,Markets and commercial facilities,Constructed,,Sewer lines,Installed,AC25,Water kiosks,Installed,,Footpaths,Constructed,AC17,Y,
comp11_titles,Comp 1.1 Approved Plans and Exp TITLES.docx,,PHASE IIA (LOT 6),Nandi,Kinango,Baraton,,,,Cluster 2,218,Baraton,eEmbxgAnqtwdGgSAXxQ1Hx,exact,100,29,,99,Survey and Planning In Selected Informal Setlements In Baringo and Nandi counties  Cluster 2(Ecoplan),KE-MOTI-382544-CS-QCBS,settlement_project_location,130,220,81,,PHASE IIA (LOT 6),Cluster 2,,,,,,,,,,,,,,,,,,,,,,,Access roads,Constructed,AC15,Storm water drainage,Constructed,AC23,Water reticulation pipes,Constructed,AC42,Household water connections,Installed,AC14,Ablution blocks,Constructed,,Floodlights,Installed,AC20,Street lights and power connections,Constructed,AC21,Markets and commercial facilities,Constructed,,Sewer lines,Installed,AC25,Water kiosks,Installed,,Footpaths,Constructed,AC17,Y,
comp11_titles,Comp 1.1 Approved Plans and Exp TITLES.docx,,PHASE IIA (LOT 6),Nandi,Kinango,Kemeloi,,,,Cluster 2,221,Kemeloi,sett233,exact,100,29,,99,Survey and Planning In Selected Informal Setlements In Baringo and Nandi counties  Cluster 2(Ecoplan),KE-MOTI-382544-CS-QCBS,settlement_project_location,130,221,83,,PHASE IIA (LOT 6),Cluster 2,,,,,,,,,,,,,,,,,,,,,,,Access roads,Constructed,AC15,Storm water drainage,Constructed,AC23,Water reticulation pipes,Constructed,AC42,Household water connections,Installed,AC14,Ablution blocks,Constructed,,Floodlights,Installed,AC20,Street lights and power connections,Constructed,AC21,Markets and commercial facilities,Constructed,,Sewer lines,Installed,AC25,Water kiosks,Installed,,Footpaths,Constructed,AC17,Y,
comp11_titles,Comp 1.1 Approved Plans and Exp TITLES.docx,,PHASE IIA (LOT 6),Nandi,Kinango,Olessos,,,,Cluster 2,222,Olessos,sett235,exact,100,29,,99,Survey and Planning In Selected Informal Setlements In Baringo and Nandi counties  Cluster 2(Ecoplan),KE-MOTI-382544-CS-QCBS,settlement_project_location,130,222,77,,PHASE IIA (LOT 6),Cluster 2,,,,,,,,,,,,,,,,,,,,,,,Access roads,Constructed,AC15,Storm water drainage,Constructed,AC23,Water reticulation pipes,Constructed,AC42,Household water connections,Installed,AC14,Ablution blocks,Constructed,,Floodlights,Installed,AC20,Street lights and power connections,Constructed,AC21,Markets and commercial facilities,Constructed,,Sewer lines,Installed,AC25,Water kiosks,Installed,,Footpaths,Constructed,AC17,Y,
comp11_titles,Comp 1.1 Approved Plans and Exp TITLES.docx,,PHASE IIA (LOT 6),Nandi,Kinango,Kabiyet,,,,Cluster 2,219,Kabiyet,bK1oUoo7MtLcf9MfG2pJq3,exact,100,29,,99,Survey and Planning In Selected Informal Setlements In Baringo and Nandi counties  Cluster 2(Ecoplan),KE-MOTI-382544-CS-QCBS,settlement_project_location,130,223,107,,PHASE IIA (LOT 6),Cluster 2,,,,,,,,,,,,,,,,,,,,,,,Access roads,Constructed,AC15,Storm water drainage,Constructed,AC23,Water reticulation pipes,Constructed,AC42,Household water connections,Installed,AC14,Ablution blocks,Constructed,,Floodlights,Installed,AC20,Street lights and power connections,Constructed,AC21,Markets and commercial facilities,Constructed,,Sewer lines,Installed,AC25,Water kiosks,Installed,,Footpaths,Constructed,AC17,Y,
comp11_titles,Comp 1.1 Approved Plans and Exp TITLES.docx,,PHASE IIA (LOT 6),Turkana,Kinango,Soweto-California,,,,Cluster 3,736,Soweto California,sett842,exact,100,23,,158,Survey and Planning In Selected Informal Setlements In Turkana County Cluster 3 Phase IIA Lot 6(Renaissance),MLHUD/KISIP/CS/TBD,settlement_project_location,130,571,282,,PHASE IIA (LOT 6),Cluster 3,,,,,,,,,,,,,,,,,,,,,,,Access roads,Constructed,AC15,Storm water drainage,Constructed,AC23,Water reticulation pipes,Constructed,AC42,Household water connections,Installed,AC14,Ablution blocks,Constructed,,Floodlights,Installed,AC20,Street lights and power connections,Constructed,AC21,Markets and commercial facilities,Constructed,,Sewer lines,Installed,AC25,Water kiosks,Installed,,Footpaths,Constructed,AC17,Y,
comp11_titles,Comp 1.1 Approved Plans and Exp TITLES.docx,,PHASE IIA (LOT 6),Turkana,Kinango,Nabute,,,,Cluster 3,259,Nabute,gWu716ky2zvWRLcjHyTQWF,exact,100,23,,158,Survey and Planning In Selected Informal Setlements In Turkana County Cluster 3 Phase IIA Lot 6(Renaissance),MLHUD/KISIP/CS/TBD,settlement_project_location,130,572,92,,PHASE IIA (LOT 6),Cluster 3,,,,,,,,,,,,,,,,,,,,,,,Access roads,Constructed,AC15,Storm water drainage,Constructed,AC23,Water reticulation pipes,Constructed,AC42,Household water connections,Installed,AC14,Ablution blocks,Constructed,,Floodlights,Installed,AC20,Street lights and power connections,Constructed,AC21,Markets and commercial facilities,Constructed,,Sewer lines,Installed,AC25,Water kiosks,Installed,,Footpaths,Constructed,AC17,Y,
comp11_titles,Comp 1.1 Approved Plans and Exp TITLES.docx,,PHASE IIA (LOT 6),Turkana,Kinango,Napetet,,,,Cluster 3,1719,Napetet 2A,kFMzS6pCv,fuzzy,108,23,,158,Survey and Planning In Selected Informal Setlements In Turkana County Cluster 3 Phase IIA Lot 6(Renaissance),MLHUD/KISIP/CS/TBD,settlement_project_location,130,573,218,,PHASE IIA (LOT 6),Cluster 3,,,,,,,,,,,,,,,,,,,,,,,Access roads,Constructed,AC15,Storm water drainage,Constructed,AC23,Water reticulation pipes,Constructed,AC42,Household water connections,Installed,AC14,Ablution blocks,Constructed,,Floodlights,Installed,AC20,Street lights and power connections,Constructed,AC21,Markets and commercial facilities,Constructed,,Sewer lines,Installed,AC25,Water kiosks,Installed,,Footpaths,Constructed,AC17,Y,
comp11_titles,Comp 1.1 Approved Plans and Exp TITLES.docx,,PHASE IIA (LOT 6),Turkana,Kinango,Ngitakito,,,,Cluster 3,265,Ng'iitakito,6o3KB7PQ7gwAkVAtHocCYr,fuzzy,86,23,,158,Survey and Planning In Selected Informal Setlements In Turkana County Cluster 3 Phase IIA Lot 6(Renaissance),MLHUD/KISIP/CS/TBD,lot_cluster_fuzzy,77,,187,,PHASE IIA (LOT 6),Cluster 3,,,,,,,,,,,,,,,,,,,,,,,Access roads,Constructed,AC15,Storm water drainage,Constructed,AC23,Water reticulation pipes,Constructed,AC42,Household water connections,Installed,AC14,Ablution blocks,Constructed,,Floodlights,Installed,AC20,Street lights and power connections,Constructed,AC21,Markets and commercial facilities,Constructed,,Sewer lines,Installed,AC25,Water kiosks,Installed,,Footpaths,Constructed,AC17,Y,no project_location link
comp11_titles,Comp 1.1 Approved Plans and Exp TITLES.docx,,PHASE IIA (LOT 6),Turkana,Kinango,Lopiding,,,,Cluster 3,1990,Lopiding,lJ_yu8gHi,exact,100,23,,158,Survey and Planning In Selected Informal Setlements In Turkana County Cluster 3 Phase IIA Lot 6(Renaissance),MLHUD/KISIP/CS/TBD,lot_cluster_fuzzy,77,,164,,PHASE IIA (LOT 6),Cluster 3,,,,,,,,,,,,,,,,,,,,,,,Access roads,Constructed,AC15,Storm water drainage,Constructed,AC23,Water reticulation pipes,Constructed,AC42,Household water connections,Installed,AC14,Ablution blocks,Constructed,,Floodlights,Installed,AC20,Street lights and power connections,Constructed,AC21,Markets and commercial facilities,Constructed,,Sewer lines,Installed,AC25,Water kiosks,Installed,,Footpaths,Constructed,AC17,Y,no project_location link
comp11_titles,Comp 1.1 Approved Plans and Exp TITLES.docx,,PHASE IIA (LOT 6),Turkana,Kinango,Nginoka Kim,,,,Cluster 3,263,Nginoka Kim,sett277,exact,100,23,,158,Survey and Planning In Selected Informal Setlements In Turkana County Cluster 3 Phase IIA Lot 6(Renaissance),MLHUD/KISIP/CS/TBD,settlement_project_location,130,574,276,,PHASE IIA (LOT 6),Cluster 3,,,,,,,,,,,,,,,,,,,,,,,Access roads,Constructed,AC15,Storm water drainage,Constructed,AC23,Water reticulation pipes,Constructed,AC42,Household water connections,Installed,AC14,Ablution blocks,Constructed,,Floodlights,Installed,AC20,Street lights and power connections,Constructed,AC21,Markets and commercial facilities,Constructed,,Sewer lines,Installed,AC25,Water kiosks,Installed,,Footpaths,Constructed,AC17,Y,
comp11_titles,Comp 1.1 Approved Plans and Exp TITLES.docx,,PHASE IIA (LOT 6),Kirinyaga,Kinango,Ndindiruku,,,,Cluster 4,168,Ndindiruku,dQ2BL9Hqrtd1VoDVfwtW6E,exact,100,20,,101,"Survey and Planning In Selected Informal Setlements In Kirinyaga, Nairobi and taita taveta Cluster 4",KE-MOTI-382546-CS-QCBS,settlement_project_location,130,391,241,,PHASE IIA (LOT 6),Cluster 4,,,,,,,,,,,,,,,,,,,,,,,Access roads,Constructed,AC15,Storm water drainage,Constructed,AC23,Water reticulation pipes,Constructed,AC42,Household water connections,Installed,AC14,Ablution blocks,Constructed,,Floodlights,Installed,AC20,Street lights and power connections,Constructed,AC21,Markets and commercial facilities,Constructed,,Sewer lines,Installed,AC25,Water kiosks,Installed,,Footpaths,Constructed,AC17,Y,
comp11_titles,Comp 1.1 Approved Plans and Exp TITLES.docx,,PHASE IIA (LOT 6),Kirinyaga,Kinango,Kagumo,,,,Cluster 4,156,Kagumo,wPBBq8bA8bbegGYcpLGCsX,exact,100,20,,101,"Survey and Planning In Selected Informal Setlements In Kirinyaga, Nairobi and taita taveta Cluster 4",KE-MOTI-382546-CS-QCBS,settlement_project_location,130,493,123,,PHASE IIA (LOT 6),Cluster 4,,,,,,,,,,,,,,,,,,,,,,,Access roads,Constructed,AC15,Storm water drainage,Constructed,AC23,Water reticulation pipes,Constructed,AC42,Household water connections,Installed,AC14,Ablution blocks,Constructed,,Floodlights,Installed,AC20,Street lights and power connections,Constructed,AC21,Markets and commercial facilities,Constructed,,Sewer lines,Installed,AC25,Water kiosks,Installed,,Footpaths,Constructed,AC17,Y,
comp11_titles,Comp 1.1 Approved Plans and Exp TITLES.docx,,PHASE IIA (LOT 6),Kirinyaga,Kinango,Githogondo,,,,Cluster 4,154,Githogondo,sett148,exact,100,20,,101,"Survey and Planning In Selected Informal Setlements In Kirinyaga, Nairobi and taita taveta Cluster 4",KE-MOTI-382546-CS-QCBS,settlement_project_location,130,494,229,,PHASE IIA (LOT 6),Cluster 4,,,,,,,,,,,,,,,,,,,,,,,Access roads,Constructed,AC15,Storm water drainage,Constructed,AC23,Water reticulation pipes,Constructed,AC42,Household water connections,Installed,AC14,Ablution blocks,Constructed,,Floodlights,Installed,AC20,Street lights and power connections,Constructed,AC21,Markets and commercial facilities,Constructed,,Sewer lines,Installed,AC25,Water kiosks,Installed,,Footpaths,Constructed,AC17,Y,
comp11_titles,Comp 1.1 Approved Plans and Exp TITLES.docx,,PHASE IIA (LOT 6),Kirinyaga,Kinango,Rwambiti,,,,Cluster 4,171,Rwambiti,phjJGS4auzbVPw2PNmMZFS,exact,100,20,,101,"Survey and Planning In Selected Informal Setlements In Kirinyaga, Nairobi and taita taveta Cluster 4",KE-MOTI-382546-CS-QCBS,settlement_project_location,130,495,135,,PHASE IIA (LOT 6),Cluster 4,,,,,,,,,,,,,,,,,,,,,,,Access roads,Constructed,AC15,Storm water drainage,Constructed,AC23,Water reticulation pipes,Constructed,AC42,Household water connections,Installed,AC14,Ablution blocks,Constructed,,Floodlights,Installed,AC20,Street lights and power connections,Constructed,AC21,Markets and commercial facilities,Constructed,,Sewer lines,Installed,AC25,Water kiosks,Installed,,Footpaths,Constructed,AC17,Y,
comp11_titles,Comp 1.1 Approved Plans and Exp TITLES.docx,,PHASE IIA (LOT 6),Kirinyaga,Kinango,Kimunye,,,,Cluster 4,165,Kimunye,sett159,exact,100,20,,101,"Survey and Planning In Selected Informal Setlements In Kirinyaga, Nairobi and taita taveta Cluster 4",KE-MOTI-382546-CS-QCBS,settlement_project_location,130,496,134,,PHASE IIA (LOT 6),Cluster 4,,,,,,,,,,,,,,,,,,,,,,,Access roads,Constructed,AC15,Storm water drainage,Constructed,AC23,Water reticulation pipes,Constructed,AC42,Household water connections,Installed,AC14,Ablution blocks,Constructed,,Floodlights,Installed,AC20,Street lights and power connections,Constructed,AC21,Markets and commercial facilities,Constructed,,Sewer lines,Installed,AC25,Water kiosks,Installed,,Footpaths,Constructed,AC17,Y,
comp11_titles,Comp 1.1 Approved Plans and Exp TITLES.docx,,PHASE IIA (LOT 6),Kirinyaga,Kinango,Kiburu,,,,Cluster 4,953,Kiburu,lZDTzB_7o,exact,100,20,,101,"Survey and Planning In Selected Informal Setlements In Kirinyaga, Nairobi and taita taveta Cluster 4",KE-MOTI-382546-CS-QCBS,settlement_project_location,130,497,143,,PHASE IIA (LOT 6),Cluster 4,,,,,,,,,,,,,,,,,,,,,,,Access roads,Constructed,AC15,Storm water drainage,Constructed,AC23,Water reticulation pipes,Constructed,AC42,Household water connections,Installed,AC14,Ablution blocks,Constructed,,Floodlights,Installed,AC20,Street lights and power connections,Constructed,AC21,Markets and commercial facilities,Constructed,,Sewer lines,Installed,AC25,Water kiosks,Installed,,Footpaths,Constructed,AC17,Y,
comp11_titles,Comp 1.1 Approved Plans and Exp TITLES.docx,,PHASE IIA (LOT 6),Kirinyaga,Kinango,Kibirigwi,,,,Cluster 4,164,Kibirigwi,sett158,exact,100,20,,101,"Survey and Planning In Selected Informal Setlements In Kirinyaga, Nairobi and taita taveta Cluster 4",KE-MOTI-382546-CS-QCBS,settlement_project_location,130,498,196,,PHASE IIA (LOT 6),Cluster 4,,,,,,,,,,,,,,,,,,,,,,,Access roads,Constructed,AC15,Storm water drainage,Constructed,AC23,Water reticulation pipes,Constructed,AC42,Household water connections,Installed,AC14,Ablution blocks,Constructed,,Floodlights,Installed,AC20,Street lights and power connections,Constructed,AC21,Markets and commercial facilities,Constructed,,Sewer lines,Installed,AC25,Water kiosks,Installed,,Footpaths,Constructed,AC17,Y,
comp11_titles,Comp 1.1 Approved Plans and Exp TITLES.docx,,PHASE IIA (LOT 6),Kirinyaga,Kinango,Kamuiru,,,,Cluster 4,157,Kamuiru,wB6iczNn4ycrBYAmJ6fN8L,exact,100,20,,101,"Survey and Planning In Selected Informal Setlements In Kirinyaga, Nairobi and taita taveta Cluster 4",KE-MOTI-382546-CS-QCBS,settlement_project_location,130,499,156,,PHASE IIA (LOT 6),Cluster 4,,,,,,,,,,,,,,,,,,,,,,,Access roads,Constructed,AC15,Storm water drainage,Constructed,AC23,Water reticulation pipes,Constructed,AC42,Household water connections,Installed,AC14,Ablution blocks,Constructed,,Floodlights,Installed,AC20,Street lights and power connections,Constructed,AC21,Markets and commercial facilities,Constructed,,Sewer lines,Installed,AC25,Water kiosks,Installed,,Footpaths,Constructed,AC17,Y,
comp11_titles,Comp 1.1 Approved Plans and Exp TITLES.docx,,PHASE IIA (LOT 6),Kirinyaga,Kinango,Kiangoma,,,,Cluster 4,1725,Kiangoma,759c4d4a-40e2-4938-8ddf-a8b74bb38318,exact,100,20,,101,"Survey and Planning In Selected Informal Setlements In Kirinyaga, Nairobi and taita taveta Cluster 4",KE-MOTI-382546-CS-QCBS,settlement_project_location,130,500,130,,PHASE IIA (LOT 6),Cluster 4,,,,,,,,,,,,,,,,,,,,,,,Access roads,Constructed,AC15,Storm water drainage,Constructed,AC23,Water reticulation pipes,Constructed,AC42,Household water connections,Installed,AC14,Ablution blocks,Constructed,,Floodlights,Installed,AC20,Street lights and power connections,Constructed,AC21,Markets and commercial facilities,Constructed,,Sewer lines,Installed,AC25,Water kiosks,Installed,,Footpaths,Constructed,AC17,Y,
comp11_titles,Comp 1.1 Approved Plans and Exp TITLES.docx,,PHASE IIA (LOT 6),Kirinyaga,Kinango,Ithareini,,,,Cluster 4,1722,Ithareini,16204364-1616-4e40-873d-75fb044245fa,exact,100,20,,101,"Survey and Planning In Selected Informal Setlements In Kirinyaga, Nairobi and taita taveta Cluster 4",KE-MOTI-382546-CS-QCBS,settlement_project_location,130,501,151,,PHASE IIA (LOT 6),Cluster 4,,,,,,,,,,,,,,,,,,,,,,,Access roads,Constructed,AC15,Storm water drainage,Constructed,AC23,Water reticulation pipes,Constructed,AC42,Household water connections,Installed,AC14,Ablution blocks,Constructed,,Floodlights,Installed,AC20,Street lights and power connections,Constructed,AC21,Markets and commercial facilities,Constructed,,Sewer lines,Installed,AC25,Water kiosks,Installed,,Footpaths,Constructed,AC17,Y,
comp11_titles,Comp 1.1 Approved Plans and Exp TITLES.docx,,PHASE IIA (LOT 6),Kirinyaga,Kinango,Mukinduri,,,,Cluster 4,166,Mukinduri,iFesut5up59eKFh5BVYD2A,exact,100,20,,101,"Survey and Planning In Selected Informal Setlements In Kirinyaga, Nairobi and taita taveta Cluster 4",KE-MOTI-382546-CS-QCBS,settlement_project_location,130,502,134,,PHASE IIA (LOT 6),Cluster 4,,,,,,,,,,,,,,,,,,,,,,,Access roads,Constructed,AC15,Storm water drainage,Constructed,AC23,Water reticulation pipes,Constructed,AC42,Household water connections,Installed,AC14,Ablution blocks,Constructed,,Floodlights,Installed,AC20,Street lights and power connections,Constructed,AC21,Markets and commercial facilities,Constructed,,Sewer lines,Installed,AC25,Water kiosks,Installed,,Footpaths,Constructed,AC17,Y,
comp11_titles,Comp 1.1 Approved Plans and Exp TITLES.docx,,PHASE IIA (LOT 6),Taita Taveta,Kinango,Kaloleni Phase 1A,,,,Cluster 4,228,Kaloleni Phase 1A,bRoum9kpU7ETEJ19zBZXbH,exact,100,6,,101,"Survey and Planning In Selected Informal Setlements In Kirinyaga, Nairobi and taita taveta Cluster 4",KE-MOTI-382546-CS-QCBS,settlement_project_location,130,503,313,,PHASE IIA (LOT 6),Cluster 4,,,,,,,,,,,,,,,,,,,,,,,Access roads,Constructed,AC15,Storm water drainage,Constructed,AC23,Water reticulation pipes,Constructed,AC42,Household water connections,Installed,AC14,Ablution blocks,Constructed,,Floodlights,Installed,AC20,Street lights and power connections,Constructed,AC21,Markets and commercial facilities,Constructed,,Sewer lines,Installed,AC25,Water kiosks,Installed,,Footpaths,Constructed,AC17,Y,
comp11_titles,Comp 1.1 Approved Plans and Exp TITLES.docx,,PHASE IIA (LOT 6),Taita Taveta,Kinango,Kaloleni Phase 1B,,,,Cluster 4,229,Kaloleni Phase 1B,3akZDT9HdncFWN99XtRcw2,exact,100,6,,101,"Survey and Planning In Selected Informal Setlements In Kirinyaga, Nairobi and taita taveta Cluster 4",KE-MOTI-382546-CS-QCBS,settlement_project_location,130,504,393,,PHASE IIA (LOT 6),Cluster 4,,,,,,,,,,,,,,,,,,,,,,,Access roads,Constructed,AC15,Storm water drainage,Constructed,AC23,Water reticulation pipes,Constructed,AC42,Household water connections,Installed,AC14,Ablution blocks,Constructed,,Floodlights,Installed,AC20,Street lights and power connections,Constructed,AC21,Markets and commercial facilities,Constructed,,Sewer lines,Installed,AC25,Water kiosks,Installed,,Footpaths,Constructed,AC17,Y,
comp11_titles,Comp 1.1 Approved Plans and Exp TITLES.docx,,PHASE IIA (LOT 6),Taita Taveta,Kinango,Mwatate Old Market,,,,Cluster 4,1279,Soko ya Zamani (Mwatate Old Market),584e085d-af2d-4b49-b7a9-51c84b21167c,fuzzy,108,6,,101,"Survey and Planning In Selected Informal Setlements In Kirinyaga, Nairobi and taita taveta Cluster 4",KE-MOTI-382546-CS-QCBS,settlement_project_location,130,505,275,,PHASE IIA (LOT 6),Cluster 4,,,,,,,,,,,,,,,,,,,,,,,Access roads,Constructed,AC15,Storm water drainage,Constructed,AC23,Water reticulation pipes,Constructed,AC42,Household water connections,Installed,AC14,Ablution blocks,Constructed,,Floodlights,Installed,AC20,Street lights and power connections,Constructed,AC21,Markets and commercial facilities,Constructed,,Sewer lines,Installed,AC25,Water kiosks,Installed,,Footpaths,Constructed,AC17,Y,
comp11_titles,Comp 1.1 Approved Plans and Exp TITLES.docx,,PHASE IIA (LOT 6),Taita Taveta,Kinango,Kariobangi,,,,Cluster 4,1265,Kariobangi ,7b0c5091-6104-4a7d-93f3-2c5342baa8ee,exact,100,6,,101,"Survey and Planning In Selected Informal Setlements In Kirinyaga, Nairobi and taita taveta Cluster 4",KE-MOTI-382546-CS-QCBS,settlement_project_location,130,506,49,,PHASE IIA (LOT 6),Cluster 4,,,,,,,,,,,,,,,,,,,,,,,Access roads,Constructed,AC15,Storm water drainage,Constructed,AC23,Water reticulation pipes,Constructed,AC42,Household water connections,Installed,AC14,Ablution blocks,Constructed,,Floodlights,Installed,AC20,Street lights and power connections,Constructed,AC21,Markets and commercial facilities,Constructed,,Sewer lines,Installed,AC25,Water kiosks,Installed,,Footpaths,Constructed,AC17,Y,
comp11_titles,Comp 1.1 Approved Plans and Exp TITLES.docx,,PHASE IIA (LOT 6),Elgeyo Marakwet,Kinango,Kapsowar,,,,Cluster 5,123,Kapsowar,sett111,exact,100,28,,102,"Survey and Planning In Selected Informal Setlements In Elgeyo Marakwet,Nakuru,Trans Nzoia,Migori counties Cluster 5 (Spatial Milestones)",MLHUD/KISIP/CS/TBD,settlement_project_location,130,484,123,,PHASE IIA (LOT 6),Cluster 5,,,,,,,,,,,,,,,,,,,,,,,Access roads,Constructed,AC15,Storm water drainage,Constructed,AC23,Water reticulation pipes,Constructed,AC42,Household water connections,Installed,AC14,Ablution blocks,Constructed,,Floodlights,Installed,AC20,Street lights and power connections,Constructed,AC21,Markets and commercial facilities,Constructed,,Sewer lines,Installed,AC25,Water kiosks,Installed,,Footpaths,Constructed,AC17,Y,
comp11_titles,Comp 1.1 Approved Plans and Exp TITLES.docx,,PHASE IIA (LOT 6),Elgeyo Marakwet,Kinango,Kapcherop,,,,Cluster 5,121,Kapcherop,sett110,exact,100,28,,102,"Survey and Planning In Selected Informal Setlements In Elgeyo Marakwet,Nakuru,Trans Nzoia,Migori counties Cluster 5 (Spatial Milestones)",MLHUD/KISIP/CS/TBD,settlement_project_location,130,485,114,,PHASE IIA (LOT 6),Cluster 5,,,,,,,,,,,,,,,,,,,,,,,Access roads,Constructed,AC15,Storm water drainage,Constructed,AC23,Water reticulation pipes,Constructed,AC42,Household water connections,Installed,AC14,Ablution blocks,Constructed,,Floodlights,Installed,AC20,Street lights and power connections,Constructed,AC21,Markets and commercial facilities,Constructed,,Sewer lines,Installed,AC25,Water kiosks,Installed,,Footpaths,Constructed,AC17,Y,
comp11_titles,Comp 1.1 Approved Plans and Exp TITLES.docx,,PHASE IIA (LOT 6),Elgeyo Marakwet,Kinango,Tambach,,,,Cluster 5,122,Tambach,sett112,exact,100,28,,102,"Survey and Planning In Selected Informal Setlements In Elgeyo Marakwet,Nakuru,Trans Nzoia,Migori counties Cluster 5 (Spatial Milestones)",MLHUD/KISIP/CS/TBD,settlement_project_location,130,486,201,,PHASE IIA (LOT 6),Cluster 5,,,,,,,,,,,,,,,,,,,,,,,Access roads,Constructed,AC15,Storm water drainage,Constructed,AC23,Water reticulation pipes,Constructed,AC42,Household water connections,Installed,AC14,Ablution blocks,Constructed,,Floodlights,Installed,AC20,Street lights and power connections,Constructed,AC21,Markets and commercial facilities,Constructed,,Sewer lines,Installed,AC25,Water kiosks,Installed,,Footpaths,Constructed,AC17,Y,
comp11_titles,Comp 1.1 Approved Plans and Exp TITLES.docx,,PHASE IIA (LOT 6),Elgeyo Marakwet,Kinango,Bugar,,,,Cluster 5,117,Bugar,sett107,exact,100,28,,102,"Survey and Planning In Selected Informal Setlements In Elgeyo Marakwet,Nakuru,Trans Nzoia,Migori counties Cluster 5 (Spatial Milestones)",MLHUD/KISIP/CS/TBD,settlement_project_location,130,487,77,,PHASE IIA (LOT 6),Cluster 5,,,,,,,,,,,,,,,,,,,,,,,Access roads,Constructed,AC15,Storm water drainage,Constructed,AC23,Water reticulation pipes,Constructed,AC42,Household water connections,Installed,AC14,Ablution blocks,Constructed,,Floodlights,Installed,AC20,Street lights and power connections,Constructed,AC21,Markets and commercial facilities,Constructed,,Sewer lines,Installed,AC25,Water kiosks,Installed,,Footpaths,Constructed,AC17,Y,
comp11_titles,Comp 1.1 Approved Plans and Exp TITLES.docx,,PHASE IIA (LOT 6),Nakuru,Kinango,Bondeni(Gilgil),,,,Cluster 5,1655,Bondeni,sett229,fuzzy,108,32,,158,Survey and Planning In Selected Informal Setlements In Turkana County Cluster 3 Phase IIA Lot 6(Renaissance),MLHUD/KISIP/CS/TBD,lot_cluster_fuzzy,52,,64,,PHASE IIA (LOT 6),Cluster 5,,,,,,,,,,,,,,,,,,,,,,,Access roads,Constructed,AC15,Storm water drainage,Constructed,AC23,Water reticulation pipes,Constructed,AC42,Household water connections,Installed,AC14,Ablution blocks,Constructed,,Floodlights,Installed,AC20,Street lights and power connections,Constructed,AC21,Markets and commercial facilities,Constructed,,Sewer lines,Installed,AC25,Water kiosks,Installed,,Footpaths,Constructed,AC17,Y,no project_location link
comp11_titles,Comp 1.1 Approved Plans and Exp TITLES.docx,,PHASE IIA (LOT 6),Trans Nzoia,Kinango,Maridadi,,,,Cluster 5,954,Maridadi,qbzQsdErI,exact,100,26,,102,"Survey and Planning In Selected Informal Setlements In Elgeyo Marakwet,Nakuru,Trans Nzoia,Migori counties Cluster 5 (Spatial Milestones)",MLHUD/KISIP/CS/TBD,settlement_project_location,130,489,68,,PHASE IIA (LOT 6),Cluster 5,,,,,,,,,,,,,,,,,,,,,,,Access roads,Constructed,AC15,Storm water drainage,Constructed,AC23,Water reticulation pipes,Constructed,AC42,Household water connections,Installed,AC14,Ablution blocks,Constructed,,Floodlights,Installed,AC20,Street lights and power connections,Constructed,AC21,Markets and commercial facilities,Constructed,,Sewer lines,Installed,AC25,Water kiosks,Installed,,Footpaths,Constructed,AC17,Y,
comp11_titles,Comp 1.1 Approved Plans and Exp TITLES.docx,,PHASE IIA (LOT 6),Trans Nzoia,Kinango,Khalabana,,,,Cluster 5,252,Khalabana,sett267,exact,100,26,,102,"Survey and Planning In Selected Informal Setlements In Elgeyo Marakwet,Nakuru,Trans Nzoia,Migori counties Cluster 5 (Spatial Milestones)",MLHUD/KISIP/CS/TBD,settlement_project_location,130,490,57,,PHASE IIA (LOT 6),Cluster 5,,,,,,,,,,,,,,,,,,,,,,,Access roads,Constructed,AC15,Storm water drainage,Constructed,AC23,Water reticulation pipes,Constructed,AC42,Household water connections,Installed,AC14,Ablution blocks,Constructed,,Floodlights,Installed,AC20,Street lights and power connections,Constructed,AC21,Markets and commercial facilities,Constructed,,Sewer lines,Installed,AC25,Water kiosks,Installed,,Footpaths,Constructed,AC17,Y,
comp11_titles,Comp 1.1 Approved Plans and Exp TITLES.docx,,PHASE IIA (LOT 6),Migori,Kinango,Jiw Dendi,,,,Cluster 5,203,Jiw Dendi,sett198,exact,100,44,,102,"Survey and Planning In Selected Informal Setlements In Elgeyo Marakwet,Nakuru,Trans Nzoia,Migori counties Cluster 5 (Spatial Milestones)",MLHUD/KISIP/CS/TBD,settlement_project_location,130,491,406,,PHASE IIA (LOT 6),Cluster 5,,,,,,,,,,,,,,,,,,,,,,,Access roads,Constructed,AC15,Storm water drainage,Constructed,AC23,Water reticulation pipes,Constructed,AC42,Household water connections,Installed,AC14,Ablution blocks,Constructed,,Floodlights,Installed,AC20,Street lights and power connections,Constructed,AC21,Markets and commercial facilities,Constructed,,Sewer lines,Installed,AC25,Water kiosks,Installed,,Footpaths,Constructed,AC17,Y,
comp11_titles,Comp 1.1 Approved Plans and Exp TITLES.docx,,PHASE IIA (LOT 6),Migori,Kinango,Okwanyo Estate,,,,Cluster 5,204,Okwanyo A,sett199,fuzzy,97,44,,102,"Survey and Planning In Selected Informal Setlements In Elgeyo Marakwet,Nakuru,Trans Nzoia,Migori counties Cluster 5 (Spatial Milestones)",MLHUD/KISIP/CS/TBD,settlement_project_location,130,492,123,,PHASE IIA (LOT 6),Cluster 5,,,,,,,,,,,,,,,,,,,,,,,Access roads,Constructed,AC15,Storm water drainage,Constructed,AC23,Water reticulation pipes,Constructed,AC42,Household water connections,Installed,AC14,Ablution blocks,Constructed,,Floodlights,Installed,AC20,Street lights and power connections,Constructed,AC21,Markets and commercial facilities,Constructed,,Sewer lines,Installed,AC25,Water kiosks,Installed,,Footpaths,Constructed,AC17,Y,
comp11_titles,Comp 1.1 Approved Plans and Exp TITLES.docx,,PHASE IIB (LOT 7),Nyeri,Mathira East,Gitunduti,,,,Cluster 1,983,Gitunduti,bryvF1dw3HwQ27dKRQcCkD,exact,100,19,96,157,Survey and Planning In Selected Informal Settlements In Baringo and Turkana County Cluster 2 Phase IIB Lot 7(Geoloc),MLHUD/KISIP/CS/TBD,lot_cluster_fuzzy,52,,101,,PHASE IIB (LOT 7),Cluster 1,,,,,,,,,,,,,,,,,,,,,,,Access roads,Constructed,AC15,Storm water drainage,Constructed,AC23,Water reticulation pipes,Constructed,AC42,Household water connections,Installed,AC14,Ablution blocks,Constructed,,Floodlights,Installed,AC20,Street lights and power connections,Constructed,AC21,Markets and commercial facilities,Constructed,,Sewer lines,Installed,AC25,Water kiosks,Installed,,Footpaths,Constructed,AC17,Y,no project_location link
comp11_titles,Comp 1.1 Approved Plans and Exp TITLES.docx,,PHASE IIB (LOT 7),Nyeri,Mathira East,Ndumanu,,,,Cluster 1,984,Ndumanu,eyvuzUcdo5CsNtHVDnf2pN,exact,100,19,96,157,Survey and Planning In Selected Informal Settlements In Baringo and Turkana County Cluster 2 Phase IIB Lot 7(Geoloc),MLHUD/KISIP/CS/TBD,lot_cluster_fuzzy,52,,108,,PHASE IIB (LOT 7),Cluster 1,,,,,,,,,,,,,,,,,,,,,,,Access roads,Constructed,AC15,Storm water drainage,Constructed,AC23,Water reticulation pipes,Constructed,AC42,Household water connections,Installed,AC14,Ablution blocks,Constructed,,Floodlights,Installed,AC20,Street lights and power connections,Constructed,AC21,Markets and commercial facilities,Constructed,,Sewer lines,Installed,AC25,Water kiosks,Installed,,Footpaths,Constructed,AC17,Y,no project_location link
comp11_titles,Comp 1.1 Approved Plans and Exp TITLES.docx,,PHASE IIB (LOT 7),Kirinyaga,Kirinyaga West,Kamuthanga,,,,Cluster 1,987,Kamuthanga,cK9HpNihdj9zQbHEHWXZsw,exact,100,20,,157,Survey and Planning In Selected Informal Settlements In Baringo and Turkana County Cluster 2 Phase IIB Lot 7(Geoloc),MLHUD/KISIP/CS/TBD,lot_cluster_fuzzy,52,,182,,PHASE IIB (LOT 7),Cluster 1,,,,,,,,,,,,,,,,,,,,,,,Access roads,Constructed,AC15,Storm water drainage,Constructed,AC23,Water reticulation pipes,Constructed,AC42,Household water connections,Installed,AC14,Ablution blocks,Constructed,,Floodlights,Installed,AC20,Street lights and power connections,Constructed,AC21,Markets and commercial facilities,Constructed,,Sewer lines,Installed,AC25,Water kiosks,Installed,,Footpaths,Constructed,AC17,Y,no project_location link
comp11_titles,Comp 1.1 Approved Plans and Exp TITLES.docx,,PHASE IIB (LOT 7),Kirinyaga,Kirinyaga West,Gathambi,,,,Cluster 1,153,Gathambi,sett145,exact,100,20,,157,Survey and Planning In Selected Informal Settlements In Baringo and Turkana County Cluster 2 Phase IIB Lot 7(Geoloc),MLHUD/KISIP/CS/TBD,lot_cluster_fuzzy,52,,95,,PHASE IIB (LOT 7),Cluster 1,,,,,,,,,,,,,,,,,,,,,,,Access roads,Constructed,AC15,Storm water drainage,Constructed,AC23,Water reticulation pipes,Constructed,AC42,Household water connections,Installed,AC14,Ablution blocks,Constructed,,Floodlights,Installed,AC20,Street lights and power connections,Constructed,AC21,Markets and commercial facilities,Constructed,,Sewer lines,Installed,AC25,Water kiosks,Installed,,Footpaths,Constructed,AC17,Y,no project_location link
comp11_titles,Comp 1.1 Approved Plans and Exp TITLES.docx,,PHASE IIB (LOT 7),Kirinyaga,Kirinyaga East,Kianjiru,,,,Cluster 1,167,Kianjiru,sett156,exact,100,20,,157,Survey and Planning In Selected Informal Settlements In Baringo and Turkana County Cluster 2 Phase IIB Lot 7(Geoloc),MLHUD/KISIP/CS/TBD,lot_cluster_fuzzy,52,,63,,PHASE IIB (LOT 7),Cluster 1,,,,,,,,,,,,,,,,,,,,,,,Access roads,Constructed,AC15,Storm water drainage,Constructed,AC23,Water reticulation pipes,Constructed,AC42,Household water connections,Installed,AC14,Ablution blocks,Constructed,,Floodlights,Installed,AC20,Street lights and power connections,Constructed,AC21,Markets and commercial facilities,Constructed,,Sewer lines,Installed,AC25,Water kiosks,Installed,,Footpaths,Constructed,AC17,Y,no project_location link
comp11_titles,Comp 1.1 Approved Plans and Exp TITLES.docx,,PHASE IIB (LOT 7),Kirinyaga,Kirinyaga East,Gatugura,,,,Cluster 1,152,Gatugura (Gatundura),sett146,fuzzy,108,20,,157,Survey and Planning In Selected Informal Settlements In Baringo and Turkana County Cluster 2 Phase IIB Lot 7(Geoloc),MLHUD/KISIP/CS/TBD,lot_cluster_fuzzy,52,,131,,PHASE IIB (LOT 7),Cluster 1,,,,,,,,,,,,,,,,,,,,,,,Access roads,Constructed,AC15,Storm water drainage,Constructed,AC23,Water reticulation pipes,Constructed,AC42,Household water connections,Installed,AC14,Ablution blocks,Constructed,,Floodlights,Installed,AC20,Street lights and power connections,Constructed,AC21,Markets and commercial facilities,Constructed,,Sewer lines,Installed,AC25,Water kiosks,Installed,,Footpaths,Constructed,AC17,Y,no project_location link
comp11_titles,Comp 1.1 Approved Plans and Exp TITLES.docx,,PHASE IIB (LOT 7),Kirinyaga,Kirinyaga East,Kiangombe,,,,Cluster 1,1725,Kiangoma,759c4d4a-40e2-4938-8ddf-a8b74bb38318,fuzzy,96,20,,101,"Survey and Planning In Selected Informal Setlements In Kirinyaga, Nairobi and taita taveta Cluster 4",KE-MOTI-382546-CS-QCBS,settlement_project_location,130,500,115,,PHASE IIB (LOT 7),Cluster 1,,,,,,,,,,,,,,,,,,,,,,,Access roads,Constructed,AC15,Storm water drainage,Constructed,AC23,Water reticulation pipes,Constructed,AC42,Household water connections,Installed,AC14,Ablution blocks,Constructed,,Floodlights,Installed,AC20,Street lights and power connections,Constructed,AC21,Markets and commercial facilities,Constructed,,Sewer lines,Installed,AC25,Water kiosks,Installed,,Footpaths,Constructed,AC17,Y,
comp11_titles,Comp 1.1 Approved Plans and Exp TITLES.docx,,PHASE IIB (LOT 7),Kirinyaga,Mwea,Kiarukungu,,,,Cluster 1,163,Kiarukungu,sett157,exact,100,20,100,157,Survey and Planning In Selected Informal Settlements In Baringo and Turkana County Cluster 2 Phase IIB Lot 7(Geoloc),MLHUD/KISIP/CS/TBD,lot_cluster_fuzzy,52,,235,,PHASE IIB (LOT 7),Cluster 1,,,,,,,,,,,,,,,,,,,,,,,Access roads,Constructed,AC15,Storm water drainage,Constructed,AC23,Water reticulation pipes,Constructed,AC42,Household water connections,Installed,AC14,Ablution blocks,Constructed,,Floodlights,Installed,AC20,Street lights and power connections,Constructed,AC21,Markets and commercial facilities,Constructed,,Sewer lines,Installed,AC25,Water kiosks,Installed,,Footpaths,Constructed,AC17,Y,no project_location link
comp11_titles,Comp 1.1 Approved Plans and Exp TITLES.docx,,PHASE IIB (LOT 7),Marsabit,Saku,Ndindiruku B,,,,Cluster 1,168,Ndindiruku,dQ2BL9Hqrtd1VoDVfwtW6E,exact_neighbor_county,100,10,47,101,"Survey and Planning In Selected Informal Setlements In Kirinyaga, Nairobi and taita taveta Cluster 4",KE-MOTI-382546-CS-QCBS,settlement_project_location,130,391,461,,PHASE IIB (LOT 7),Cluster 1,,,,,,,,,,,,,,,,,,,,,,,Access roads,Constructed,AC15,Storm water drainage,Constructed,AC23,Water reticulation pipes,Constructed,AC42,Household water connections,Installed,AC14,Ablution blocks,Constructed,,Floodlights,Installed,AC20,Street lights and power connections,Constructed,AC21,Markets and commercial facilities,Constructed,,Sewer lines,Installed,AC25,Water kiosks,Installed,,Footpaths,Constructed,AC17,Y,
comp11_titles,Comp 1.1 Approved Plans and Exp TITLES.docx,,PHASE IIB (LOT 7),Marsabit,Moyale,Kiamanyeki,,,,Cluster 1,1471,Kiamanyeki,zl_QQ39OY,exact_neighbor_county,100,10,45,159,Survey and Planning In Selected Informal Setlements In Marsabit County Cluster 1 Phase IIB Lot 7,MLHUD/KISIP/CS/TBD,lot_cluster_fuzzy,77,,368,,PHASE IIB (LOT 7),Cluster 1,,,,,,,,,,,,,,,,,,,,,,,Access roads,Constructed,AC15,Storm water drainage,Constructed,AC23,Water reticulation pipes,Constructed,AC42,Household water connections,Installed,AC14,Ablution blocks,Constructed,,Floodlights,Installed,AC20,Street lights and power connections,Constructed,AC21,Markets and commercial facilities,Constructed,,Sewer lines,Installed,AC25,Water kiosks,Installed,,Footpaths,Constructed,AC17,Y,no project_location link
comp11_titles,Comp 1.1 Approved Plans and Exp TITLES.docx,,PHASE IIB (LOT 7),Marsabit,Moyale,Otte 1,,,,Cluster 1,696,Manyatta willy/ote,g2ZJSvMLbXZZTKqjzTwvPY,fuzzy,80,10,45,159,Survey and Planning In Selected Informal Setlements In Marsabit County Cluster 1 Phase IIB Lot 7,MLHUD/KISIP/CS/TBD,lot_cluster_fuzzy,77,,332,,PHASE IIB (LOT 7),Cluster 1,,,,,,,,,,,,,,,,,,,,,,,Access roads,Constructed,AC15,Storm water drainage,Constructed,AC23,Water reticulation pipes,Constructed,AC42,Household water connections,Installed,AC14,Ablution blocks,Constructed,,Floodlights,Installed,AC20,Street lights and power connections,Constructed,AC21,Markets and commercial facilities,Constructed,,Sewer lines,Installed,AC25,Water kiosks,Installed,,Footpaths,Constructed,AC17,Y,no project_location link
comp11_titles,Comp 1.1 Approved Plans and Exp TITLES.docx,,PHASE IIB (LOT 7),Marsabit,North Horr,Otte 2,,,,Cluster 1,,,,unmatched,75,10,46,159,Survey and Planning In Selected Informal Setlements In Marsabit County Cluster 1 Phase IIB Lot 7,MLHUD/KISIP/CS/TBD,lot_cluster_fuzzy,77,,276,,PHASE IIB (LOT 7),Cluster 1,,,,,,,,,,,,,,,,,,,,,,,Access roads,Constructed,AC15,Storm water drainage,Constructed,AC23,Water reticulation pipes,Constructed,AC42,Household water connections,Installed,AC14,Ablution blocks,Constructed,,Floodlights,Installed,AC20,Street lights and power connections,Constructed,AC21,Markets and commercial facilities,Constructed,,Sewer lines,Installed,AC25,Water kiosks,Installed,,Footpaths,Constructed,AC17,Y,settlement unmatched
comp11_titles,Comp 1.1 Approved Plans and Exp TITLES.docx,,PHASE IIB (LOT 7),Baringo,Marigat,Kampi Turkana,,,,Cluster 2,1675,Kampi Turkana,12dfdb4f-052e-4c57-a021-28594c673513,exact,100,30,,157,Survey and Planning In Selected Informal Settlements In Baringo and Turkana County Cluster 2 Phase IIB Lot 7(Geoloc),MLHUD/KISIP/CS/TBD,lot_cluster_fuzzy,77,,286,,PHASE IIB (LOT 7),Cluster 2,,,,,,,,,,,,,,,,,,,,,,,Access roads,Constructed,AC15,Storm water drainage,Constructed,AC23,Water reticulation pipes,Constructed,AC42,Household water connections,Installed,AC14,Ablution blocks,Constructed,,Floodlights,Installed,AC20,Street lights and power connections,Constructed,AC21,Markets and commercial facilities,Constructed,,Sewer lines,Installed,AC25,Water kiosks,Installed,,Footpaths,Constructed,AC17,Y,no project_location link
comp11_titles,Comp 1.1 Approved Plans and Exp TITLES.docx,,PHASE IIB (LOT 7),Baringo,Marigat,Kampi Samaki,,,,Cluster 2,1175,Kampi Ya Samaki,klEgptkDr,fuzzy,108,30,,157,Survey and Planning In Selected Informal Settlements In Baringo and Turkana County Cluster 2 Phase IIB Lot 7(Geoloc),MLHUD/KISIP/CS/TBD,settlement_project_location,130,668,179,,PHASE IIB (LOT 7),Cluster 2,,,,,,,,,,,,,,,,,,,,,,,Access roads,Constructed,AC15,Storm water drainage,Constructed,AC23,Water reticulation pipes,Constructed,AC42,Household water connections,Installed,AC14,Ablution blocks,Constructed,,Floodlights,Installed,AC20,Street lights and power connections,Constructed,AC21,Markets and commercial facilities,Constructed,,Sewer lines,Installed,AC25,Water kiosks,Installed,,Footpaths,Constructed,AC17,Y,
comp11_titles,Comp 1.1 Approved Plans and Exp TITLES.docx,,PHASE IIB (LOT 7),Baringo,Marigat,Kambi Moi,,,,Cluster 2,1050,Kabimoi,bEMyDMye2C6cT1TAgF39bA,fuzzy,96,30,,157,Survey and Planning In Selected Informal Settlements In Baringo and Turkana County Cluster 2 Phase IIB Lot 7(Geoloc),MLHUD/KISIP/CS/TBD,lot_cluster_fuzzy,77,,67,,PHASE IIB (LOT 7),Cluster 2,,,,,,,,,,,,,,,,,,,,,,,Access roads,Constructed,AC15,Storm water drainage,Constructed,AC23,Water reticulation pipes,Constructed,AC42,Household water connections,Installed,AC14,Ablution blocks,Constructed,,Floodlights,Installed,AC20,Street lights and power connections,Constructed,AC21,Markets and commercial facilities,Constructed,,Sewer lines,Installed,AC25,Water kiosks,Installed,,Footpaths,Constructed,AC17,Y,no project_location link
comp11_titles,Comp 1.1 Approved Plans and Exp TITLES.docx,,PHASE IIB (LOT 7),Baringo,Eldama Ravine,Metipso,,,,Cluster 2,1048,Metipso,5N8DhMcuQ9CPVHHEaesJ6m,exact,100,30,162,157,Survey and Planning In Selected Informal Settlements In Baringo and Turkana County Cluster 2 Phase IIB Lot 7(Geoloc),MLHUD/KISIP/CS/TBD,settlement_project_location,130,667,49,,PHASE IIB (LOT 7),Cluster 2,,,,,,,,,,,,,,,,,,,,,,,Access roads,Constructed,AC15,Storm water drainage,Constructed,AC23,Water reticulation pipes,Constructed,AC42,Household water connections,Installed,AC14,Ablution blocks,Constructed,,Floodlights,Installed,AC20,Street lights and power connections,Constructed,AC21,Markets and commercial facilities,Constructed,,Sewer lines,Installed,AC25,Water kiosks,Installed,,Footpaths,Constructed,AC17,Y,
comp11_titles,Comp 1.1 Approved Plans and Exp TITLES.docx,,PHASE IIB (LOT 7),Baringo,Eldama Ravine,Umoja,,,,Cluster 2,1057,Umoja,oQCAy9gfZWiY3eyoM23UQd,exact,100,30,162,157,Survey and Planning In Selected Informal Settlements In Baringo and Turkana County Cluster 2 Phase IIB Lot 7(Geoloc),MLHUD/KISIP/CS/TBD,settlement_project_location,130,669,207,,PHASE IIB (LOT 7),Cluster 2,,,,,,,,,,,,,,,,,,,,,,,Access roads,Constructed,AC15,Storm water drainage,Constructed,AC23,Water reticulation pipes,Constructed,AC42,Household water connections,Installed,AC14,Ablution blocks,Constructed,,Floodlights,Installed,AC20,Street lights and power connections,Constructed,AC21,Markets and commercial facilities,Constructed,,Sewer lines,Installed,AC25,Water kiosks,Installed,,Footpaths,Constructed,AC17,Y,
comp11_titles,Comp 1.1 Approved Plans and Exp TITLES.docx,,PHASE IIB (LOT 7),Turkana,Turkana South,Napetet 2A,,,,Cluster 2,1719,Napetet 2A,kFMzS6pCv,exact,100,23,127,158,Survey and Planning In Selected Informal Setlements In Turkana County Cluster 3 Phase IIA Lot 6(Renaissance),MLHUD/KISIP/CS/TBD,settlement_project_location,130,573,114,,PHASE IIB (LOT 7),Cluster 2,,,,,,,,,,,,,,,,,,,,,,,Access roads,Constructed,AC15,Storm water drainage,Constructed,AC23,Water reticulation pipes,Constructed,AC42,Household water connections,Installed,AC14,Ablution blocks,Constructed,,Floodlights,Installed,AC20,Street lights and power connections,Constructed,AC21,Markets and commercial facilities,Constructed,,Sewer lines,Installed,AC25,Water kiosks,Installed,,Footpaths,Constructed,AC17,Y,
comp11_titles,Comp 1.1 Approved Plans and Exp TITLES.docx,,PHASE IIB (LOT 7),Turkana,Turkana West,Naapetet 2B,,,,Cluster 2,1720,Napetet 2B,sSqOnUlir,fuzzy,103,23,124,157,Survey and Planning In Selected Informal Settlements In Baringo and Turkana County Cluster 2 Phase IIB Lot 7(Geoloc),MLHUD/KISIP/CS/TBD,lot_cluster_fuzzy,77,,286,,PHASE IIB (LOT 7),Cluster 2,,,,,,,,,,,,,,,,,,,,,,,Access roads,Constructed,AC15,Storm water drainage,Constructed,AC23,Water reticulation pipes,Constructed,AC42,Household water connections,Installed,AC14,Ablution blocks,Constructed,,Floodlights,Installed,AC20,Street lights and power connections,Constructed,AC21,Markets and commercial facilities,Constructed,,Sewer lines,Installed,AC25,Water kiosks,Installed,,Footpaths,Constructed,AC17,Y,no project_location link
comp11_titles,Comp 1.1 Approved Plans and Exp TITLES.docx,,PHASE IIB (LOT 7),Turkana,Turkana West,Ng’iitakito  2A,,,,Cluster 2,1715,Ng'iitakito 2A(Nadir Konyen),vIRBPOSc9,fuzzy,113,23,124,157,Survey and Planning In Selected Informal Settlements In Baringo and Turkana County Cluster 2 Phase IIB Lot 7(Geoloc),MLHUD/KISIP/CS/TBD,lot_cluster_fuzzy,77,,260,,PHASE IIB (LOT 7),Cluster 2,,,,,,,,,,,,,,,,,,,,,,,Access roads,Constructed,AC15,Storm water drainage,Constructed,AC23,Water reticulation pipes,Constructed,AC42,Household water connections,Installed,AC14,Ablution blocks,Constructed,,Floodlights,Installed,AC20,Street lights and power connections,Constructed,AC21,Markets and commercial facilities,Constructed,,Sewer lines,Installed,AC25,Water kiosks,Installed,,Footpaths,Constructed,AC17,Y,no project_location link
comp11_titles,Comp 1.1 Approved Plans and Exp TITLES.docx,,PHASE IIB (LOT 7),Turkana,Turkana Central,Ng’iitakito  2B,,,,Cluster 2,265,Ng'iitakito,6o3KB7PQ7gwAkVAtHocCYr,fuzzy,113,23,125,157,Survey and Planning In Selected Informal Settlements In Baringo and Turkana County Cluster 2 Phase IIB Lot 7(Geoloc),MLHUD/KISIP/CS/TBD,lot_cluster_fuzzy,77,,117,,PHASE IIB (LOT 7),Cluster 2,,,,,,,,,,,,,,,,,,,,,,,Access roads,Constructed,AC15,Storm water drainage,Constructed,AC23,Water reticulation pipes,Constructed,AC42,Household water connections,Installed,AC14,Ablution blocks,Constructed,,Floodlights,Installed,AC20,Street lights and power connections,Constructed,AC21,Markets and commercial facilities,Constructed,,Sewer lines,Installed,AC25,Water kiosks,Installed,,Footpaths,Constructed,AC17,Y,no project_location link
comp11_titles,Comp 1.1 Approved Plans and Exp TITLES.docx,,PHASE IIB (LOT 7),Turkana,Turkana North,Soweto 2,,,,Cluster 2,736,Soweto California,sett842,fuzzy,96,23,123,158,Survey and Planning In Selected Informal Setlements In Turkana County Cluster 3 Phase IIA Lot 6(Renaissance),MLHUD/KISIP/CS/TBD,settlement_project_location,130,571,28,,PHASE IIB (LOT 7),Cluster 2,,,,,,,,,,,,,,,,,,,,,,,Access roads,Constructed,AC15,Storm water drainage,Constructed,AC23,Water reticulation pipes,Constructed,AC42,Household water connections,Installed,AC14,Ablution blocks,Constructed,,Floodlights,Installed,AC20,Street lights and power connections,Constructed,AC21,Markets and commercial facilities,Constructed,,Sewer lines,Installed,AC25,Water kiosks,Installed,,Footpaths,Constructed,AC17,Y,
comp11_titles,Comp 1.1 Approved Plans and Exp TITLES.docx,,PHASE IIB (LOT 7),Tana River,Tana Delta,"Kipini Mjini,",,,,Cluster 3,314,Kipini,sett357,exact,100,4,,167,Survey and Planning In  8 Selected Informal Settlements In Tana River County Cluster 3 Phase IIB Lot 7(E&G),MLHUD/KISIP/CS/TBD,settlement_project_location,130,714,592,,PHASE IIB (LOT 7),Cluster 3,,,,,,,,,,,,,,,,,,,,,,,Access roads,Constructed,AC15,Storm water drainage,Constructed,AC23,Water reticulation pipes,Constructed,AC42,Household water connections,Installed,AC14,Ablution blocks,Constructed,,Floodlights,Installed,AC20,Street lights and power connections,Constructed,AC21,Markets and commercial facilities,Constructed,,Sewer lines,Installed,AC25,Water kiosks,Installed,,Footpaths,Constructed,AC17,Y,
comp11_titles,Comp 1.1 Approved Plans and Exp TITLES.docx,,PHASE IIB (LOT 7),Tana River,Tana River (Galole),Minjila Malakoteni,,,,Cluster 3,960,Minjila Malokoteni,X8Zv4mc99,fuzzy,102,4,19,151,"consultancy services for physical planning, cadastral survey & detailed topographical survey for 8 No. elected Informal settlements in Tana River county(E&G)",KE-MOTI-382541,settlement_project_location,130,478,426,,PHASE IIB (LOT 7),Cluster 3,,,,,,,,,,,,,,,,,,,,,,,Access roads,Constructed,AC15,Storm water drainage,Constructed,AC23,Water reticulation pipes,Constructed,AC42,Household water connections,Installed,AC14,Ablution blocks,Constructed,,Floodlights,Installed,AC20,Street lights and power connections,Constructed,AC21,Markets and commercial facilities,Constructed,,Sewer lines,Installed,AC25,Water kiosks,Installed,,Footpaths,Constructed,AC17,Y,
comp11_titles,Comp 1.1 Approved Plans and Exp TITLES.docx,,PHASE IIB (LOT 7),Tana River,Tana River (Galole),"Handampia,",,,,Cluster 3,976,Handampia,0HclghWnb,exact,100,4,19,151,"consultancy services for physical planning, cadastral survey & detailed topographical survey for 8 No. elected Informal settlements in Tana River county(E&G)",KE-MOTI-382541,settlement_project_location,130,479,300,,PHASE IIB (LOT 7),Cluster 3,,,,,,,,,,,,,,,,,,,,,,,Access roads,Constructed,AC15,Storm water drainage,Constructed,AC23,Water reticulation pipes,Constructed,AC42,Household water connections,Installed,AC14,Ablution blocks,Constructed,,Floodlights,Installed,AC20,Street lights and power connections,Constructed,AC21,Markets and commercial facilities,Constructed,,Sewer lines,Installed,AC25,Water kiosks,Installed,,Footpaths,Constructed,AC17,Y,
comp11_titles,Comp 1.1 Approved Plans and Exp TITLES.docx,,PHASE IIB (LOT 7),Tana River,Tana River (Galole),"Mikinduni,",,,,Cluster 3,961,Mikinduni,Zl9GVbtlq,exact,100,4,19,151,"consultancy services for physical planning, cadastral survey & detailed topographical survey for 8 No. elected Informal settlements in Tana River county(E&G)",KE-MOTI-382541,settlement_project_location,130,480,306,,PHASE IIB (LOT 7),Cluster 3,,,,,,,,,,,,,,,,,,,,,,,Access roads,Constructed,AC15,Storm water drainage,Constructed,AC23,Water reticulation pipes,Constructed,AC42,Household water connections,Installed,AC14,Ablution blocks,Constructed,,Floodlights,Installed,AC20,Street lights and power connections,Constructed,AC21,Markets and commercial facilities,Constructed,,Sewer lines,Installed,AC25,Water kiosks,Installed,,Footpaths,Constructed,AC17,Y,
comp11_titles,Comp 1.1 Approved Plans and Exp TITLES.docx,,PHASE IIB (LOT 7),Tana River,Tana River (Galole),Kone,,,,Cluster 3,962,Kone,TGr-BbeHK,exact,100,4,19,151,"consultancy services for physical planning, cadastral survey & detailed topographical survey for 8 No. elected Informal settlements in Tana River county(E&G)",KE-MOTI-382541,settlement_project_location,130,481,359,,PHASE IIB (LOT 7),Cluster 3,,,,,,,,,,,,,,,,,,,,,,,Access roads,Constructed,AC15,Storm water drainage,Constructed,AC23,Water reticulation pipes,Constructed,AC42,Household water connections,Installed,AC14,Ablution blocks,Constructed,,Floodlights,Installed,AC20,Street lights and power connections,Constructed,AC21,Markets and commercial facilities,Constructed,,Sewer lines,Installed,AC25,Water kiosks,Installed,,Footpaths,Constructed,AC17,Y,
comp11_titles,Comp 1.1 Approved Plans and Exp TITLES.docx,,PHASE IIB (LOT 7),Tana River,-,Oda,,,,Cluster 3,1181,Oda,Oda,exact,100,4,,151,"consultancy services for physical planning, cadastral survey & detailed topographical survey for 8 No. elected Informal settlements in Tana River county(E&G)",KE-MOTI-382541,settlement_project_location,130,482,248,,PHASE IIB (LOT 7),Cluster 3,,,,,,,,,,,,,,,,,,,,,,,Access roads,Constructed,AC15,Storm water drainage,Constructed,AC23,Water reticulation pipes,Constructed,AC42,Household water connections,Installed,AC14,Ablution blocks,Constructed,,Floodlights,Installed,AC20,Street lights and power connections,Constructed,AC21,Markets and commercial facilities,Constructed,,Sewer lines,Installed,AC25,Water kiosks,Installed,,Footpaths,Constructed,AC17,Y,
comp11_titles,Comp 1.1 Approved Plans and Exp TITLES.docx,,PHASE IIB (LOT 7),Tana River,-,Isdowe,,,,Cluster 3,1182,Idsowe,IDSOWE,fuzzy,91,4,,151,"consultancy services for physical planning, cadastral survey & detailed topographical survey for 8 No. elected Informal settlements in Tana River county(E&G)",KE-MOTI-382541,settlement_project_location,130,534,244,,PHASE IIB (LOT 7),Cluster 3,,,,,,,,,,,,,,,,,,,,,,,Access roads,Constructed,AC15,Storm water drainage,Constructed,AC23,Water reticulation pipes,Constructed,AC42,Household water connections,Installed,AC14,Ablution blocks,Constructed,,Floodlights,Installed,AC20,Street lights and power connections,Constructed,AC21,Markets and commercial facilities,Constructed,,Sewer lines,Installed,AC25,Water kiosks,Installed,,Footpaths,Constructed,AC17,Y,
comp11_titles,Comp 1.1 Approved Plans and Exp TITLES.docx,,PHASE IIB (LOT 7),Tana River,Tana Delta,Mji wa Pili,,,,Cluster 3,959,Mji wa Pili,bARj6eQLk,exact,100,4,,151,"consultancy services for physical planning, cadastral survey & detailed topographical survey for 8 No. elected Informal settlements in Tana River county(E&G)",KE-MOTI-382541,settlement_project_location,130,483,342,,PHASE IIB (LOT 7),Cluster 3,,,,,,,,,,,,,,,,,,,,,,,Access roads,Constructed,AC15,Storm water drainage,Constructed,AC23,Water reticulation pipes,Constructed,AC42,Household water connections,Installed,AC14,Ablution blocks,Constructed,,Floodlights,Installed,AC20,Street lights and power connections,Constructed,AC21,Markets and commercial facilities,Constructed,,Sewer lines,Installed,AC25,Water kiosks,Installed,,Footpaths,Constructed,AC17,Y,
comp11_titles,Comp 1.1 Approved Plans and Exp TITLES.docx,,PHASE IIB (LOT 7),Machakos,Tana Delta,Mumandu,,,,Cluster 4,982,Mumandu,v1Q89mAEm3rQgQYi3yKAoT,exact,100,16,,168,"Survey and Planning In 9 Selected Informal Settlements In Machakos, Kwale and Taita Taveta Counties Cluster 4 LOT 7 (Pre-Envero)",MLHUD/KISIP/CS/TBD,lot_cluster_fuzzy,59,,108,,PHASE IIB (LOT 7),Cluster 4,,,,,,,,,,,,,,,,,,,,,,,Access roads,Constructed,AC15,Storm water drainage,Constructed,AC23,Water reticulation pipes,Constructed,AC42,Household water connections,Installed,AC14,Ablution blocks,Constructed,,Floodlights,Installed,AC20,Street lights and power connections,Constructed,AC21,Markets and commercial facilities,Constructed,,Sewer lines,Installed,AC25,Water kiosks,Installed,,Footpaths,Constructed,AC17,Y,no project_location link
comp11_titles,Comp 1.1 Approved Plans and Exp TITLES.docx,,PHASE IIB (LOT 7),Machakos,Tana Delta,Mtituni,,,,Cluster 4,979,Mutituni,73AQNnvPEccVyRVsnG5aCi,fuzzy,101,16,,168,"Survey and Planning In 9 Selected Informal Settlements In Machakos, Kwale and Taita Taveta Counties Cluster 4 LOT 7 (Pre-Envero)",MLHUD/KISIP/CS/TBD,lot_cluster_fuzzy,59,,142,,PHASE IIB (LOT 7),Cluster 4,,,,,,,,,,,,,,,,,,,,,,,Access roads,Constructed,AC15,Storm water drainage,Constructed,AC23,Water reticulation pipes,Constructed,AC42,Household water connections,Installed,AC14,Ablution blocks,Constructed,,Floodlights,Installed,AC20,Street lights and power connections,Constructed,AC21,Markets and commercial facilities,Constructed,,Sewer lines,Installed,AC25,Water kiosks,Installed,,Footpaths,Constructed,AC17,Y,no project_location link
comp11_titles,Comp 1.1 Approved Plans and Exp TITLES.docx,,PHASE IIB (LOT 7),Machakos,Tana Delta,Makutano,,,,Cluster 4,981,Makutano Ma-Mwala,BtiPLU15k,fuzzy,108,16,,168,"Survey and Planning In 9 Selected Informal Settlements In Machakos, Kwale and Taita Taveta Counties Cluster 4 LOT 7 (Pre-Envero)",MLHUD/KISIP/CS/TBD,settlement_project_location,130,722,96,,PHASE IIB (LOT 7),Cluster 4,,,,,,,,,,,,,,,,,,,,,,,Access roads,Constructed,AC15,Storm water drainage,Constructed,AC23,Water reticulation pipes,Constructed,AC42,Household water connections,Installed,AC14,Ablution blocks,Constructed,,Floodlights,Installed,AC20,Street lights and power connections,Constructed,AC21,Markets and commercial facilities,Constructed,,Sewer lines,Installed,AC25,Water kiosks,Installed,,Footpaths,Constructed,AC17,Y,
comp11_titles,Comp 1.1 Approved Plans and Exp TITLES.docx,,PHASE IIB (LOT 7),Machakos,Tana Delta,Masinga,,,,Cluster 4,868,Masinga ,5BDoH2cStVHceiUc3ma3ML,exact,100,16,,168,"Survey and Planning In 9 Selected Informal Settlements In Machakos, Kwale and Taita Taveta Counties Cluster 4 LOT 7 (Pre-Envero)",MLHUD/KISIP/CS/TBD,settlement_project_location,130,723,235,,PHASE IIB (LOT 7),Cluster 4,,,,,,,,,,,,,,,,,,,,,,,Access roads,Constructed,AC15,Storm water drainage,Constructed,AC23,Water reticulation pipes,Constructed,AC42,Household water connections,Installed,AC14,Ablution blocks,Constructed,,Floodlights,Installed,AC20,Street lights and power connections,Constructed,AC21,Markets and commercial facilities,Constructed,,Sewer lines,Installed,AC25,Water kiosks,Installed,,Footpaths,Constructed,AC17,Y,
comp11_titles,Comp 1.1 Approved Plans and Exp TITLES.docx,,PHASE IIB (LOT 7),Kwale,Msambweni,Jeza A,,,,Cluster 4,860,Jeza A,L2WHyrO7I,exact,100,2,7,168,"Survey and Planning In 9 Selected Informal Settlements In Machakos, Kwale and Taita Taveta Counties Cluster 4 LOT 7 (Pre-Envero)",MLHUD/KISIP/CS/TBD,settlement_project_location,130,724,358,,PHASE IIB (LOT 7),Cluster 4,,,,,,,,,,,,,,,,,,,,,,,Access roads,Constructed,AC15,Storm water drainage,Constructed,AC23,Water reticulation pipes,Constructed,AC42,Household water connections,Installed,AC14,Ablution blocks,Constructed,,Floodlights,Installed,AC20,Street lights and power connections,Constructed,AC21,Markets and commercial facilities,Constructed,,Sewer lines,Installed,AC25,Water kiosks,Installed,,Footpaths,Constructed,AC17,Y,
comp11_titles,Comp 1.1 Approved Plans and Exp TITLES.docx,,PHASE IIB (LOT 7),Kwale,Kinango,Kinango B,,,,Cluster 4,183,Kinango,sett178,fuzzy,113,2,10,98,"Survey and Planning In Selected Informal Setlements In Mombasa, kwale and Tana river counties Cluster 1(Geodev)",KE-MOTI-382543-CS-QCBS,settlement_project_location,130,211,319,,PHASE IIB (LOT 7),Cluster 4,,,,,,,,,,,,,,,,,,,,,,,Access roads,Constructed,AC15,Storm water drainage,Constructed,AC23,Water reticulation pipes,Constructed,AC42,Household water connections,Installed,AC14,Ablution blocks,Constructed,,Floodlights,Installed,AC20,Street lights and power connections,Constructed,AC21,Markets and commercial facilities,Constructed,,Sewer lines,Installed,AC25,Water kiosks,Installed,,Footpaths,Constructed,AC17,Y,
comp11_titles,Comp 1.1 Approved Plans and Exp TITLES.docx,,PHASE IIB (LOT 7),Taita Taveta,Voi,Mwakingali B (Aseko),,,,Cluster 4,1290,Aseko-Wenimwana (Mwakingali B ),VoiAse01,fuzzy,113,6,26,168,"Survey and Planning In 9 Selected Informal Settlements In Machakos, Kwale and Taita Taveta Counties Cluster 4 LOT 7 (Pre-Envero)",MLHUD/KISIP/CS/TBD,lot_cluster_fuzzy,59,,419,,PHASE IIB (LOT 7),Cluster 4,,,,,,,,,,,,,,,,,,,,,,,Access roads,Constructed,AC15,Storm water drainage,Constructed,AC23,Water reticulation pipes,Constructed,AC42,Household water connections,Installed,AC14,Ablution blocks,Constructed,,Floodlights,Installed,AC20,Street lights and power connections,Constructed,AC21,Markets and commercial facilities,Constructed,,Sewer lines,Installed,AC25,Water kiosks,Installed,,Footpaths,Constructed,AC17,Y,no project_location link
comp11_titles,Comp 1.1 Approved Plans and Exp TITLES.docx,,PHASE IIB (LOT 7),Taita Taveta,Voi,Sofia Kati,,,,Cluster 4,328,Sofia Kati,uSdQD4pyCEBGDAhWi1q1dp,exact,100,6,26,168,"Survey and Planning In 9 Selected Informal Settlements In Machakos, Kwale and Taita Taveta Counties Cluster 4 LOT 7 (Pre-Envero)",MLHUD/KISIP/CS/TBD,settlement_project_location,130,727,225,,PHASE IIB (LOT 7),Cluster 4,,,,,,,,,,,,,,,,,,,,,,,Access roads,Constructed,AC15,Storm water drainage,Constructed,AC23,Water reticulation pipes,Constructed,AC42,Household water connections,Installed,AC14,Ablution blocks,Constructed,,Floodlights,Installed,AC20,Street lights and power connections,Constructed,AC21,Markets and commercial facilities,Constructed,,Sewer lines,Installed,AC25,Water kiosks,Installed,,Footpaths,Constructed,AC17,Y,
comp11_titles,Comp 1.1 Approved Plans and Exp TITLES.docx,,PHASE IIB (LOT 7),Taita Taveta,Taveta,Bura Ndogo phase 2,,,,Cluster 4,1278,Bura Ndogo - Majengo Mapya (Bura Ndogo Phase 2),95d56922-ac6e-4010-b0e0-77fe34be6ec2,fuzzy,113,6,23,152,"Consultancy services for physical planning, cadastral survey & detailed topographical survey : Makueni, Taita Taveta and Kilifi (E&G)",MLHUD/KISIP/CS/TBD,settlement_project_location,130,474,442,,PHASE IIB (LOT 7),Cluster 4,,,,,,,,,,,,,,,,,,,,,,,Access roads,Constructed,AC15,Storm water drainage,Constructed,AC23,Water reticulation pipes,Constructed,AC42,Household water connections,Installed,AC14,Ablution blocks,Constructed,,Floodlights,Installed,AC20,Street lights and power connections,Constructed,AC21,Markets and commercial facilities,Constructed,,Sewer lines,Installed,AC25,Water kiosks,Installed,,Footpaths,Constructed,AC17,Y,
comp11_titles,Comp 1.1 Approved Plans and Exp TITLES.docx,,PHASE IIC (LOT 8),Laikipia,Laikipia West,Kwa Mbuzi,,,,Cluster 1,1146,Kwa Mbuzi,ANN001,exact,100,31,163,162,Survey and Planning In Selected Informal Settlements In Laikipia and Embu County Cluster 1 Phase IIC Lot 8 (E&G),MLHUD/KISIP/CS/TBD,settlement_project_location,130,681,53,,PHASE IIC (LOT 8),Cluster 1,,,,,,,,,,,,,,,,,,,,,,,Access roads,Constructed,AC15,Storm water drainage,Constructed,AC23,Water reticulation pipes,Constructed,AC42,Household water connections,Installed,AC14,Ablution blocks,Constructed,,Floodlights,Installed,AC20,Street lights and power connections,Constructed,AC21,Markets and commercial facilities,Constructed,,Sewer lines,Installed,AC25,Water kiosks,Installed,,Footpaths,Constructed,AC17,Y,
comp11_titles,Comp 1.1 Approved Plans and Exp TITLES.docx,,PHASE IIC (LOT 8),Laikipia,Laikipia West,Sipili A,,,,Cluster 1,1190,Sipili A,UARUTxIjU,exact,100,31,163,162,Survey and Planning In Selected Informal Settlements In Laikipia and Embu County Cluster 1 Phase IIC Lot 8 (E&G),MLHUD/KISIP/CS/TBD,settlement_project_location,130,682,187,,PHASE IIC (LOT 8),Cluster 1,,,,,,,,,,,,,,,,,,,,,,,Access roads,Constructed,AC15,Storm water drainage,Constructed,AC23,Water reticulation pipes,Constructed,AC42,Household water connections,Installed,AC14,Ablution blocks,Constructed,,Floodlights,Installed,AC20,Street lights and power connections,Constructed,AC21,Markets and commercial facilities,Constructed,,Sewer lines,Installed,AC25,Water kiosks,Installed,,Footpaths,Constructed,AC17,Y,
comp11_titles,Comp 1.1 Approved Plans and Exp TITLES.docx,,PHASE IIC (LOT 8),Laikipia,Laikipia West,Sipili B,,,,Cluster 1,1192,Sipili B,0abwrSty2,exact,100,31,163,162,Survey and Planning In Selected Informal Settlements In Laikipia and Embu County Cluster 1 Phase IIC Lot 8 (E&G),MLHUD/KISIP/CS/TBD,settlement_project_location,130,729,95,,PHASE IIC (LOT 8),Cluster 1,,,,,,,,,,,,,,,,,,,,,,,Access roads,Constructed,AC15,Storm water drainage,Constructed,AC23,Water reticulation pipes,Constructed,AC42,Household water connections,Installed,AC14,Ablution blocks,Constructed,,Floodlights,Installed,AC20,Street lights and power connections,Constructed,AC21,Markets and commercial facilities,Constructed,,Sewer lines,Installed,AC25,Water kiosks,Installed,,Footpaths,Constructed,AC17,Y,
comp11_titles,Comp 1.1 Approved Plans and Exp TITLES.docx,,PHASE IIC (LOT 8),Laikipia,Laikipia East,Kanyoni,,,,Cluster 1,532,Kanyoni,sett607,exact,100,31,164,162,Survey and Planning In Selected Informal Settlements In Laikipia and Embu County Cluster 1 Phase IIC Lot 8 (E&G),MLHUD/KISIP/CS/TBD,settlement_project_location,130,683,297,,PHASE IIC (LOT 8),Cluster 1,,,,,,,,,,,,,,,,,,,,,,,Access roads,Constructed,AC15,Storm water drainage,Constructed,AC23,Water reticulation pipes,Constructed,AC42,Household water connections,Installed,AC14,Ablution blocks,Constructed,,Floodlights,Installed,AC20,Street lights and power connections,Constructed,AC21,Markets and commercial facilities,Constructed,,Sewer lines,Installed,AC25,Water kiosks,Installed,,Footpaths,Constructed,AC17,Y,
comp11_titles,Comp 1.1 Approved Plans and Exp TITLES.docx,,PHASE IIC (LOT 8),Laikipia,Laikipia East,African Location A,,,,Cluster 1,1047,African Location A,rbQJhe9Ex,exact,100,31,164,162,Survey and Planning In Selected Informal Settlements In Laikipia and Embu County Cluster 1 Phase IIC Lot 8 (E&G),MLHUD/KISIP/CS/TBD,settlement_project_location,130,684,335,,PHASE IIC (LOT 8),Cluster 1,,,,,,,,,,,,,,,,,,,,,,,Access roads,Constructed,AC15,Storm water drainage,Constructed,AC23,Water reticulation pipes,Constructed,AC42,Household water connections,Installed,AC14,Ablution blocks,Constructed,,Floodlights,Installed,AC20,Street lights and power connections,Constructed,AC21,Markets and commercial facilities,Constructed,,Sewer lines,Installed,AC25,Water kiosks,Installed,,Footpaths,Constructed,AC17,Y,
comp11_titles,Comp 1.1 Approved Plans and Exp TITLES.docx,,PHASE IIC (LOT 8),Laikipia,Laikipia East,African Location B,,,,Cluster 1,1998,African Location B,ULNDSPGfp,exact,100,31,164,160,Survey and Planning In Selected Informal Setlements In Laikipia and Embu County Cluster 2 Phase IIC Lot 8(E&G CONSULTANTS LTD),MLHUD/KISIP/CS/TBD,lot_cluster_fuzzy,77,,69,,PHASE IIC (LOT 8),Cluster 1,,,,,,,,,,,,,,,,,,,,,,,Access roads,Constructed,AC15,Storm water drainage,Constructed,AC23,Water reticulation pipes,Constructed,AC42,Household water connections,Installed,AC14,Ablution blocks,Constructed,,Floodlights,Installed,AC20,Street lights and power connections,Constructed,AC21,Markets and commercial facilities,Constructed,,Sewer lines,Installed,AC25,Water kiosks,Installed,,Footpaths,Constructed,AC17,Y,no project_location link
comp11_titles,Comp 1.1 Approved Plans and Exp TITLES.docx,,PHASE IIC (LOT 8),Laikipia,Laikipia East,Maina A,,,,Cluster 1,1823,Maina A,Laikipia005,exact,100,31,164,160,Survey and Planning In Selected Informal Setlements In Laikipia and Embu County Cluster 2 Phase IIC Lot 8(E&G CONSULTANTS LTD),MLHUD/KISIP/CS/TBD,lot_cluster_fuzzy,77,,498,,PHASE IIC (LOT 8),Cluster 1,,,,,,,,,,,,,,,,,,,,,,,Access roads,Constructed,AC15,Storm water drainage,Constructed,AC23,Water reticulation pipes,Constructed,AC42,Household water connections,Installed,AC14,Ablution blocks,Constructed,,Floodlights,Installed,AC20,Street lights and power connections,Constructed,AC21,Markets and commercial facilities,Constructed,,Sewer lines,Installed,AC25,Water kiosks,Installed,,Footpaths,Constructed,AC17,Y,no project_location link
comp11_titles,Comp 1.1 Approved Plans and Exp TITLES.docx,,PHASE IIC (LOT 8),Laikipia,Laikipia East,Maina B,,,,Cluster 1,1818,Maina B,Laikipia004,exact,100,31,164,160,Survey and Planning In Selected Informal Setlements In Laikipia and Embu County Cluster 2 Phase IIC Lot 8(E&G CONSULTANTS LTD),MLHUD/KISIP/CS/TBD,lot_cluster_fuzzy,77,,396,,PHASE IIC (LOT 8),Cluster 1,,,,,,,,,,,,,,,,,,,,,,,Access roads,Constructed,AC15,Storm water drainage,Constructed,AC23,Water reticulation pipes,Constructed,AC42,Household water connections,Installed,AC14,Ablution blocks,Constructed,,Floodlights,Installed,AC20,Street lights and power connections,Constructed,AC21,Markets and commercial facilities,Constructed,,Sewer lines,Installed,AC25,Water kiosks,Installed,,Footpaths,Constructed,AC17,Y,no project_location link
comp11_titles,Comp 1.1 Approved Plans and Exp TITLES.docx,,PHASE IIC (LOT 8),Embu,Manyatta,Ithaata A,,,,Cluster 1,1058,Ithata A,u1r2T3jivBBRkHdenoizHi,fuzzy,107,14,63,162,Survey and Planning In Selected Informal Settlements In Laikipia and Embu County Cluster 1 Phase IIC Lot 8 (E&G),MLHUD/KISIP/CS/TBD,settlement_project_location,130,687,161,,PHASE IIC (LOT 8),Cluster 1,,,,,,,,,,,,,,,,,,,,,,,Access roads,Constructed,AC15,Storm water drainage,Constructed,AC23,Water reticulation pipes,Constructed,AC42,Household water connections,Installed,AC14,Ablution blocks,Constructed,,Floodlights,Installed,AC20,Street lights and power connections,Constructed,AC21,Markets and commercial facilities,Constructed,,Sewer lines,Installed,AC25,Water kiosks,Installed,,Footpaths,Constructed,AC17,Y,
comp11_titles,Comp 1.1 Approved Plans and Exp TITLES.docx,,PHASE IIC (LOT 8),Embu,Manyatta,Ithaata B,,,,Cluster 1,1061,Ithata B,aGewQ7LEMBkhWKSt42r99h,fuzzy,107,14,63,160,Survey and Planning In Selected Informal Setlements In Laikipia and Embu County Cluster 2 Phase IIC Lot 8(E&G CONSULTANTS LTD),MLHUD/KISIP/CS/TBD,settlement_project_location,130,586,133,,PHASE IIC (LOT 8),Cluster 1,,,,,,,,,,,,,,,,,,,,,,,Access roads,Constructed,AC15,Storm water drainage,Constructed,AC23,Water reticulation pipes,Constructed,AC42,Household water connections,Installed,AC14,Ablution blocks,Constructed,,Floodlights,Installed,AC20,Street lights and power connections,Constructed,AC21,Markets and commercial facilities,Constructed,,Sewer lines,Installed,AC25,Water kiosks,Installed,,Footpaths,Constructed,AC17,Y,
comp11_titles,Comp 1.1 Approved Plans and Exp TITLES.docx,,PHASE IIC (LOT 8),Wajir,Wajir East,Bahati,,,,Cluster 2,1155,Bahati,7pc44lVLP,exact,100,8,34,161,Survey and Planning In 8 Selected Informal Settlements In Wajir County Cluster 2 Phase IIC Lot 8(Geodev),MLHUD/KISIP/CS/TBD,settlement_project_location,130,589,176,,PHASE IIC (LOT 8),Cluster 2,,,,,,,,,,,,,,,,,,,,,,,Access roads,Constructed,AC15,Storm water drainage,Constructed,AC23,Water reticulation pipes,Constructed,AC42,Household water connections,Installed,AC14,Ablution blocks,Constructed,,Floodlights,Installed,AC20,Street lights and power connections,Constructed,AC21,Markets and commercial facilities,Constructed,,Sewer lines,Installed,AC25,Water kiosks,Installed,,Footpaths,Constructed,AC17,Y,
comp11_titles,Comp 1.1 Approved Plans and Exp TITLES.docx,,PHASE IIC (LOT 8),Wajir,Wajir East,Hadado Yarey,,,,Cluster 2,1156,Hadado Yarey,GxRk-uN1Y,exact,100,8,34,161,Survey and Planning In 8 Selected Informal Settlements In Wajir County Cluster 2 Phase IIC Lot 8(Geodev),MLHUD/KISIP/CS/TBD,settlement_project_location,130,588,230,,PHASE IIC (LOT 8),Cluster 2,,,,,,,,,,,,,,,,,,,,,,,Access roads,Constructed,AC15,Storm water drainage,Constructed,AC23,Water reticulation pipes,Constructed,AC42,Household water connections,Installed,AC14,Ablution blocks,Constructed,,Floodlights,Installed,AC20,Street lights and power connections,Constructed,AC21,Markets and commercial facilities,Constructed,,Sewer lines,Installed,AC25,Water kiosks,Installed,,Footpaths,Constructed,AC17,Y,
comp11_titles,Comp 1.1 Approved Plans and Exp TITLES.docx,,PHASE IIC (LOT 8),Wajir,Wajir East,ICF,,,,Cluster 2,1159,Ahmed Liban - ICF,fYCjPllr8,fuzzy,113,8,34,161,Survey and Planning In 8 Selected Informal Settlements In Wajir County Cluster 2 Phase IIC Lot 8(Geodev),MLHUD/KISIP/CS/TBD,settlement_project_location,130,592,210,,PHASE IIC (LOT 8),Cluster 2,,,,,,,,,,,,,,,,,,,,,,,Access roads,Constructed,AC15,Storm water drainage,Constructed,AC23,Water reticulation pipes,Constructed,AC42,Household water connections,Installed,AC14,Ablution blocks,Constructed,,Floodlights,Installed,AC20,Street lights and power connections,Constructed,AC21,Markets and commercial facilities,Constructed,,Sewer lines,Installed,AC25,Water kiosks,Installed,,Footpaths,Constructed,AC17,Y,
comp11_titles,Comp 1.1 Approved Plans and Exp TITLES.docx,,PHASE IIC (LOT 8),Wajir,Wajir East,Makaror A,,,,Cluster 2,1158,Makaror A,P0pmj0BbP,exact,100,8,34,161,Survey and Planning In 8 Selected Informal Settlements In Wajir County Cluster 2 Phase IIC Lot 8(Geodev),MLHUD/KISIP/CS/TBD,lot_cluster_fuzzy,77,,169,,PHASE IIC (LOT 8),Cluster 2,,,,,,,,,,,,,,,,,,,,,,,Access roads,Constructed,AC15,Storm water drainage,Constructed,AC23,Water reticulation pipes,Constructed,AC42,Household water connections,Installed,AC14,Ablution blocks,Constructed,,Floodlights,Installed,AC20,Street lights and power connections,Constructed,AC21,Markets and commercial facilities,Constructed,,Sewer lines,Installed,AC25,Water kiosks,Installed,,Footpaths,Constructed,AC17,Y,no project_location link
comp11_titles,Comp 1.1 Approved Plans and Exp TITLES.docx,,PHASE IIC (LOT 8),Wajir,Wajir East,Ahmed Liban,,,,Cluster 2,1159,Ahmed Liban - ICF,fYCjPllr8,fuzzy,113,8,34,161,Survey and Planning In 8 Selected Informal Settlements In Wajir County Cluster 2 Phase IIC Lot 8(Geodev),MLHUD/KISIP/CS/TBD,settlement_project_location,130,592,212,,PHASE IIC (LOT 8),Cluster 2,,,,,,,,,,,,,,,,,,,,,,,Access roads,Constructed,AC15,Storm water drainage,Constructed,AC23,Water reticulation pipes,Constructed,AC42,Household water connections,Installed,AC14,Ablution blocks,Constructed,,Floodlights,Installed,AC20,Street lights and power connections,Constructed,AC21,Markets and commercial facilities,Constructed,,Sewer lines,Installed,AC25,Water kiosks,Installed,,Footpaths,Constructed,AC17,Y,
comp11_titles,Comp 1.1 Approved Plans and Exp TITLES.docx,,PHASE IIC (LOT 8),Wajir,Wajir East,Bulla Glacier,,,,Cluster 2,1160,Bullah Glacier,sUNU79qzE,fuzzy,109,8,34,161,Survey and Planning In 8 Selected Informal Settlements In Wajir County Cluster 2 Phase IIC Lot 8(Geodev),MLHUD/KISIP/CS/TBD,lot_cluster_fuzzy,77,,128,,PHASE IIC (LOT 8),Cluster 2,,,,,,,,,,,,,,,,,,,,,,,Access roads,Constructed,AC15,Storm water drainage,Constructed,AC23,Water reticulation pipes,Constructed,AC42,Household water connections,Installed,AC14,Ablution blocks,Constructed,,Floodlights,Installed,AC20,Street lights and power connections,Constructed,AC21,Markets and commercial facilities,Constructed,,Sewer lines,Installed,AC25,Water kiosks,Installed,,Footpaths,Constructed,AC17,Y,no project_location link
comp11_titles,Comp 1.1 Approved Plans and Exp TITLES.docx,,PHASE IIC (LOT 8),Wajir,Wajir East,Sunrise 1,,,,Cluster 2,1881,Gotade-Sunrise,Wajir202615,fuzzy,101,8,34,161,Survey and Planning In 8 Selected Informal Settlements In Wajir County Cluster 2 Phase IIC Lot 8(Geodev),MLHUD/KISIP/CS/TBD,lot_cluster_fuzzy,77,,175,,PHASE IIC (LOT 8),Cluster 2,,,,,,,,,,,,,,,,,,,,,,,Access roads,Constructed,AC15,Storm water drainage,Constructed,AC23,Water reticulation pipes,Constructed,AC42,Household water connections,Installed,AC14,Ablution blocks,Constructed,,Floodlights,Installed,AC20,Street lights and power connections,Constructed,AC21,Markets and commercial facilities,Constructed,,Sewer lines,Installed,AC25,Water kiosks,Installed,,Footpaths,Constructed,AC17,Y,no project_location link
comp11_titles,Comp 1.1 Approved Plans and Exp TITLES.docx,,PHASE IIC (LOT 8),Kisii,Nyaribari Chache,Keumbu,,,,Cluster 3,1198,Keumbu,qRQunH6wF,exact,100,45,267,163,"Survey and Planning In 10 Selected Informal Settlements In Kisii, Nakuru and Nandi County Cluster 3 Phase IIC Lot 8(LER)",MLHUD/KISIP/CS/TBD,lot_cluster_fuzzy,77,,76,,PHASE IIC (LOT 8),Cluster 3,,,,,,,,,,,,,,,,,,,,,,,Access roads,Constructed,AC15,Storm water drainage,Constructed,AC23,Water reticulation pipes,Constructed,AC42,Household water connections,Installed,AC14,Ablution blocks,Constructed,,Floodlights,Installed,AC20,Street lights and power connections,Constructed,AC21,Markets and commercial facilities,Constructed,,Sewer lines,Installed,AC25,Water kiosks,Installed,,Footpaths,Constructed,AC17,Y,no project_location link
comp11_titles,Comp 1.1 Approved Plans and Exp TITLES.docx,,PHASE IIC (LOT 8),Kisii,Kitutu Chache South,Daraja Mbili,,,,Cluster 3,1163,Daraja Mbili,5jmYgj1fF,exact,100,45,269,163,"Survey and Planning In 10 Selected Informal Settlements In Kisii, Nakuru and Nandi County Cluster 3 Phase IIC Lot 8(LER)",MLHUD/KISIP/CS/TBD,lot_cluster_fuzzy,77,,45,,PHASE IIC (LOT 8),Cluster 3,,,,,,,,,,,,,,,,,,,,,,,Access roads,Constructed,AC15,Storm water drainage,Constructed,AC23,Water reticulation pipes,Constructed,AC42,Household water connections,Installed,AC14,Ablution blocks,Constructed,,Floodlights,Installed,AC20,Street lights and power connections,Constructed,AC21,Markets and commercial facilities,Constructed,,Sewer lines,Installed,AC25,Water kiosks,Installed,,Footpaths,Constructed,AC17,Y,no project_location link
comp11_titles,Comp 1.1 Approved Plans and Exp TITLES.docx,,PHASE IIC (LOT 8),Kisii,Kitutu Chache North,Maarani,,,,Cluster 3,1991,Maarani,d55_hFgQs,exact,100,45,268,163,"Survey and Planning In 10 Selected Informal Settlements In Kisii, Nakuru and Nandi County Cluster 3 Phase IIC Lot 8(LER)",MLHUD/KISIP/CS/TBD,lot_cluster_fuzzy,77,,113,,PHASE IIC (LOT 8),Cluster 3,,,,,,,,,,,,,,,,,,,,,,,Access roads,Constructed,AC15,Storm water drainage,Constructed,AC23,Water reticulation pipes,Constructed,AC42,Household water connections,Installed,AC14,Ablution blocks,Constructed,,Floodlights,Installed,AC20,Street lights and power connections,Constructed,AC21,Markets and commercial facilities,Constructed,,Sewer lines,Installed,AC25,Water kiosks,Installed,,Footpaths,Constructed,AC17,Y,no project_location link
comp11_titles,Comp 1.1 Approved Plans and Exp TITLES.docx,,PHASE IIC (LOT 8),Nakuru,Kuresoi South,Langwenda,,,,Cluster 3,1172,Langwenda,OlaGzQ-kH,exact,100,32,170,163,"Survey and Planning In 10 Selected Informal Settlements In Kisii, Nakuru and Nandi County Cluster 3 Phase IIC Lot 8(LER)",MLHUD/KISIP/CS/TBD,lot_cluster_fuzzy,77,,158,,PHASE IIC (LOT 8),Cluster 3,,,,,,,,,,,,,,,,,,,,,,,Access roads,Constructed,AC15,Storm water drainage,Constructed,AC23,Water reticulation pipes,Constructed,AC42,Household water connections,Installed,AC14,Ablution blocks,Constructed,,Floodlights,Installed,AC20,Street lights and power connections,Constructed,AC21,Markets and commercial facilities,Constructed,,Sewer lines,Installed,AC25,Water kiosks,Installed,,Footpaths,Constructed,AC17,Y,no project_location link
comp11_titles,Comp 1.1 Approved Plans and Exp TITLES.docx,,PHASE IIC (LOT 8),Nakuru,Molo,Turi,,,,Cluster 3,1165,Turi,85ILazrao,exact,100,32,166,163,"Survey and Planning In 10 Selected Informal Settlements In Kisii, Nakuru and Nandi County Cluster 3 Phase IIC Lot 8(LER)",MLHUD/KISIP/CS/TBD,settlement_project_location,130,700,130,,PHASE IIC (LOT 8),Cluster 3,,,,,,,,,,,,,,,,,,,,,,,Access roads,Constructed,AC15,Storm water drainage,Constructed,AC23,Water reticulation pipes,Constructed,AC42,Household water connections,Installed,AC14,Ablution blocks,Constructed,,Floodlights,Installed,AC20,Street lights and power connections,Constructed,AC21,Markets and commercial facilities,Constructed,,Sewer lines,Installed,AC25,Water kiosks,Installed,,Footpaths,Constructed,AC17,Y,
comp11_titles,Comp 1.1 Approved Plans and Exp TITLES.docx,,PHASE IIC (LOT 8),Nakuru,Njoro,Naishi Soweto,,,,Cluster 3,213,Soweto,sett224,fuzzy,113,32,167,163,"Survey and Planning In 10 Selected Informal Settlements In Kisii, Nakuru and Nandi County Cluster 3 Phase IIC Lot 8(LER)",MLHUD/KISIP/CS/TBD,settlement_project_location,130,701,130,,PHASE IIC (LOT 8),Cluster 3,,,,,,,,,,,,,,,,,,,,,,,Access roads,Constructed,AC15,Storm water drainage,Constructed,AC23,Water reticulation pipes,Constructed,AC42,Household water connections,Installed,AC14,Ablution blocks,Constructed,,Floodlights,Installed,AC20,Street lights and power connections,Constructed,AC21,Markets and commercial facilities,Constructed,,Sewer lines,Installed,AC25,Water kiosks,Installed,,Footpaths,Constructed,AC17,Y,
comp11_titles,Comp 1.1 Approved Plans and Exp TITLES.docx,,PHASE IIC (LOT 8),Nakuru,Gilgil,Kariandusi,,,,Cluster 3,1168,Kariandusi,Kariandusi,exact,100,32,169,163,"Survey and Planning In 10 Selected Informal Settlements In Kisii, Nakuru and Nandi County Cluster 3 Phase IIC Lot 8(LER)",MLHUD/KISIP/CS/TBD,settlement_project_location,130,702,132,,PHASE IIC (LOT 8),Cluster 3,,,,,,,,,,,,,,,,,,,,,,,Access roads,Constructed,AC15,Storm water drainage,Constructed,AC23,Water reticulation pipes,Constructed,AC42,Household water connections,Installed,AC14,Ablution blocks,Constructed,,Floodlights,Installed,AC20,Street lights and power connections,Constructed,AC21,Markets and commercial facilities,Constructed,,Sewer lines,Installed,AC25,Water kiosks,Installed,,Footpaths,Constructed,AC17,Y,
comp11_titles,Comp 1.1 Approved Plans and Exp TITLES.docx,,PHASE IIC (LOT 8),Nandi,Chesumei,Kapsasur,,,,Cluster 3,1169,Kapsasur,T0nDpA00f,exact,100,29,154,163,"Survey and Planning In 10 Selected Informal Settlements In Kisii, Nakuru and Nandi County Cluster 3 Phase IIC Lot 8(LER)",MLHUD/KISIP/CS/TBD,lot_cluster_fuzzy,77,,39,,PHASE IIC (LOT 8),Cluster 3,,,,,,,,,,,,,,,,,,,,,,,Access roads,Constructed,AC15,Storm water drainage,Constructed,AC23,Water reticulation pipes,Constructed,AC42,Household water connections,Installed,AC14,Ablution blocks,Constructed,,Floodlights,Installed,AC20,Street lights and power connections,Constructed,AC21,Markets and commercial facilities,Constructed,,Sewer lines,Installed,AC25,Water kiosks,Installed,,Footpaths,Constructed,AC17,Y,no project_location link
comp11_titles,Comp 1.1 Approved Plans and Exp TITLES.docx,,PHASE IIC (LOT 8),Nandi,Tinderet,Potopoto,,,,Cluster 3,1170,Potopoto,EJqjseqOY,exact,100,29,151,163,"Survey and Planning In 10 Selected Informal Settlements In Kisii, Nakuru and Nandi County Cluster 3 Phase IIC Lot 8(LER)",MLHUD/KISIP/CS/TBD,settlement_project_location,130,704,134,,PHASE IIC (LOT 8),Cluster 3,,,,,,,,,,,,,,,,,,,,,,,Access roads,Constructed,AC15,Storm water drainage,Constructed,AC23,Water reticulation pipes,Constructed,AC42,Household water connections,Installed,AC14,Ablution blocks,Constructed,,Floodlights,Installed,AC20,Street lights and power connections,Constructed,AC21,Markets and commercial facilities,Constructed,,Sewer lines,Installed,AC25,Water kiosks,Installed,,Footpaths,Constructed,AC17,Y,
comp11_titles,Comp 1.1 Approved Plans and Exp TITLES.docx,,PHASE IIC (LOT 8),Nandi,Aldai,Mugundoi,,,,Cluster 3,1171,Mugundoi,Yj3PINukX,exact,100,29,152,163,"Survey and Planning In 10 Selected Informal Settlements In Kisii, Nakuru and Nandi County Cluster 3 Phase IIC Lot 8(LER)",MLHUD/KISIP/CS/TBD,settlement_project_location,130,705,42,,PHASE IIC (LOT 8),Cluster 3,,,,,,,,,,,,,,,,,,,,,,,Access roads,Constructed,AC15,Storm water drainage,Constructed,AC23,Water reticulation pipes,Constructed,AC42,Household water connections,Installed,AC14,Ablution blocks,Constructed,,Floodlights,Installed,AC20,Street lights and power connections,Constructed,AC21,Markets and commercial facilities,Constructed,,Sewer lines,Installed,AC25,Water kiosks,Installed,,Footpaths,Constructed,AC17,Y,
